Timestamp,TemperatureC,PressureBar,FlowRateLMin,TankLevelPercent
2026-06-09T08:00:00,71.82,4.77,117.11,65.03
2026-06-09T08:00:01,71.88,4.73,115.95,64.99
2026-06-09T08:00:02,71.86,4.75,116.58,64.94
2026-06-09T08:00:03,72.02,4.76,116.29,64.99
2026-06-09T08:00:04,72.15,4.74,117.56,64.98
2026-06-09T08:00:05,72.01,4.71,115.2,64.94
2026-06-09T08:00:06,72.12,4.69,115.8,64.93
2026-06-09T08:00:07,72.14,4.67,114.3,64.93
2026-06-09T08:00:08,72.27,4.63,116.58,64.9
2026-06-09T08:00:09,72.11,4.62,117.59,64.86
2026-06-09T08:00:10,72.14,4.58,119.24,64.88
2026-06-09T08:00:11,72.32,4.57,119.21,64.86
2026-06-09T08:00:12,72.38,4.61,121.95,64.91
2026-06-09T08:00:13,72.38,4.57,121.99,64.9
2026-06-09T08:00:14,72.56,4.61,122.26,64.85
2026-06-09T08:00:15,72.52,4.61,122.08,64.87
2026-06-09T08:00:16,72.62,4.57,122.04,64.86
2026-06-09T08:00:17,72.54,4.55,121.41,64.89
2026-06-09T08:00:18,72.51,4.56,124.39,64.87
2026-06-09T08:00:19,72.58,4.6,124.42,64.88
2026-06-09T08:00:20,72.57,4.61,126.6,64.87
2026-06-09T08:00:21,72.5,4.58,125.39,64.88
2026-06-09T08:00:22,72.41,4.62,124.8,64.88
2026-06-09T08:00:23,72.61,4.62,124.77,64.83
2026-06-09T08:00:24,72.51,4.6,126.58,64.84
2026-06-09T08:00:25,72.51,4.59,125.59,64.83
2026-06-09T08:00:26,72.58,4.58,122.86,64.79
2026-06-09T08:00:27,72.44,4.56,125.32,64.8
2026-06-09T08:00:28,72.32,4.59,124.99,64.82
2026-06-09T08:00:29,72.35,4.55,126.05,64.83
2026-06-09T08:00:30,72.3,4.56,128.17,64.87
2026-06-09T08:00:31,72.24,4.54,127.1,64.91
2026-06-09T08:00:32,72.09,4.57,128.96,64.93
2026-06-09T08:00:33,72.11,4.59,129.89,64.88
2026-06-09T08:00:34,72.0,4.6,129.02,64.91
2026-06-09T08:00:35,71.95,4.58,130.34,64.96
2026-06-09T08:00:36,72.09,4.59,128.65,64.98
2026-06-09T08:00:37,72.26,4.55,128.92,65.02
2026-06-09T08:00:38,72.25,4.59,127.04,65.03
2026-06-09T08:00:39,72.19,4.58,128.63,65.06
2026-06-09T08:00:40,72.35,4.62,127.46,65.06
2026-06-09T08:00:41,72.52,4.63,126.21,65.1
2026-06-09T08:00:42,72.49,4.65,124.45,65.12
2026-06-09T08:00:43,72.52,4.6,124.06,65.11
2026-06-09T08:00:44,72.42,4.61,125.51,65.13
2026-06-09T08:00:45,72.34,4.63,123.02,65.12
2026-06-09T08:00:46,72.27,4.62,121.13,65.14
2026-06-09T08:00:47,72.4,4.61,118.74,65.18
2026-06-09T08:00:48,72.3,4.59,116.06,65.23
2026-06-09T08:00:49,72.26,4.58,118.54,65.2
2026-06-09T08:00:50,72.1,4.57,120.22,65.19
2026-06-09T08:00:51,71.91,4.61,118.14,65.18
2026-06-09T08:00:52,71.85,4.63,119.51,65.22
2026-06-09T08:00:53,71.84,4.66,116.62,65.18
2026-06-09T08:00:54,71.76,4.64,118.78,65.22
2026-06-09T08:00:55,71.57,4.64,116.41,65.2
2026-06-09T08:00:56,71.39,4.62,115.25,65.19
2026-06-09T08:00:57,71.19,4.63,114.33,65.2
2026-06-09T08:00:58,71.16,4.59,114.35,65.19
2026-06-09T08:00:59,71.21,4.62,111.68,65.18
2026-06-09T08:01:00,71.06,4.62,113.11,65.2
2026-06-09T08:01:01,71.25,4.64,112.45,65.21
2026-06-09T08:01:02,71.07,4.67,112.35,65.19
2026-06-09T08:01:03,70.91,4.65,110.43,65.18
2026-06-09T08:01:04,70.79,4.65,107.49,65.17
2026-06-09T08:01:05,70.88,4.7,106.75,65.14
2026-06-09T08:01:06,70.79,4.72,105.84,65.1
2026-06-09T08:01:07,70.73,4.75,103.9,65.05
2026-06-09T08:01:08,70.73,4.74,104.27,65.03
2026-06-09T08:01:09,70.61,4.74,105.64,65.03
2026-06-09T08:01:10,70.53,4.77,103.1,65.07
2026-06-09T08:01:11,70.38,4.73,102.01,65.03
2026-06-09T08:01:12,70.47,4.76,99.12,64.99
2026-06-09T08:01:13,70.32,4.71,100.83,64.98
2026-06-09T08:01:14,70.13,4.67,102.31,64.97
2026-06-09T08:01:15,70.05,4.7,102.56,64.97
2026-06-09T08:01:16,69.9,4.67,101.56,65.0
2026-06-09T08:01:17,69.8,4.67,98.76,64.98
2026-06-09T08:01:18,69.91,4.68,97.35,65.0
2026-06-09T08:01:19,69.82,4.67,98.72,64.95
2026-06-09T08:01:20,69.81,4.66,98.07,64.98
2026-06-09T08:01:21,69.9,4.64,97.75,64.97
2026-06-09T08:01:22,70.07,4.66,100.73,64.93
2026-06-09T08:01:23,70.23,4.63,101.63,64.91
2026-06-09T08:01:24,70.25,4.66,101.15,64.96
2026-06-09T08:01:25,70.36,4.69,100.34,64.94
2026-06-09T08:01:26,70.39,4.69,99.9,64.91
2026-06-09T08:01:27,70.56,4.69,97.49,64.9
2026-06-09T08:01:28,70.63,4.73,97.0,64.89
2026-06-09T08:01:29,70.49,4.7,99.09,64.88
2026-06-09T08:01:30,70.4,4.66,99.76,64.84
2026-06-09T08:01:31,70.22,4.67,98.19,64.81
2026-06-09T08:01:32,70.32,4.71,98.58,64.82
2026-06-09T08:01:33,70.37,4.72,95.73,64.78
2026-06-09T08:01:34,70.38,4.72,97.94,64.76
2026-06-09T08:01:35,70.48,4.7,95.67,64.78
2026-06-09T08:01:36,70.41,4.68,96.41,64.78
2026-06-09T08:01:37,70.42,4.66,97.32,64.75
2026-06-09T08:01:38,70.47,4.67,95.22,64.77
2026-06-09T08:01:39,70.57,4.68,93.59,64.79
2026-06-09T08:01:40,70.68,4.72,91.96,64.75
2026-06-09T08:01:41,70.57,4.72,89.12,64.73
2026-06-09T08:01:42,70.64,4.73,89.67,64.71
2026-06-09T08:01:43,70.71,4.78,88.27,64.71
2026-06-09T08:01:44,70.6,4.79,88.74,64.67
2026-06-09T08:01:45,70.66,4.84,90.1,64.66
2026-06-09T08:01:46,70.85,4.79,92.73,64.66
2026-06-09T08:01:47,70.67,4.74,90.44,64.63
2026-06-09T08:01:48,70.75,4.7,88.86,64.65
2026-06-09T08:01:49,70.68,4.66,89.31,64.62
2026-06-09T08:01:50,70.88,4.68,89.36,64.6
2026-06-09T08:01:51,70.73,4.65,88.07,64.6
2026-06-09T08:01:52,70.83,4.61,87.74,64.58
2026-06-09T08:01:53,70.66,4.6,89.91,64.55
2026-06-09T08:01:54,70.82,4.6,91.83,64.57
2026-06-09T08:01:55,70.93,4.62,92.7,64.58
2026-06-09T08:01:56,71.04,4.59,93.59,64.59
2026-06-09T08:01:57,70.89,4.59,93.58,64.63
2026-06-09T08:01:58,71.01,4.61,91.6,64.59
2026-06-09T08:01:59,70.94,4.63,92.27,64.6
2026-06-09T08:02:00,71.05,4.58,90.61,64.62
2026-06-09T08:02:01,70.94,4.58,90.32,64.61
2026-06-09T08:02:02,71.03,4.59,92.23,64.58
2026-06-09T08:02:03,70.93,4.64,94.84,64.61
2026-06-09T08:02:04,71.12,4.62,96.56,64.57
2026-06-09T08:02:05,71.0,4.59,98.49,64.54
2026-06-09T08:02:06,70.8,4.55,99.41,64.54
2026-06-09T08:02:07,70.64,4.54,98.75,64.53
2026-06-09T08:02:08,70.62,4.58,101.15,64.51
2026-06-09T08:02:09,70.81,4.58,102.18,64.47
2026-06-09T08:02:10,70.99,4.53,103.68,64.46
2026-06-09T08:02:11,70.83,4.53,105.79,64.51
2026-06-09T08:02:12,70.84,4.49,105.18,64.49
2026-06-09T08:02:13,70.82,4.44,106.64,64.5
2026-06-09T08:02:14,70.67,4.39,107.89,64.46
2026-06-09T08:02:15,70.63,4.35,109.45,64.46
2026-06-09T08:02:16,70.49,4.32,109.05,64.45
2026-06-09T08:02:17,70.66,4.34,106.65,64.42
2026-06-09T08:02:18,70.52,4.32,108.56,64.47
2026-06-09T08:02:19,70.71,4.3,110.16,64.47
2026-06-09T08:02:20,70.75,4.31,108.47,64.44
2026-06-09T08:02:21,70.79,4.33,111.19,64.43
2026-06-09T08:02:22,70.74,4.32,113.38,64.47
2026-06-09T08:02:23,70.55,4.32,114.65,64.48
2026-06-09T08:02:24,70.62,4.32,116.18,64.48
2026-06-09T08:02:25,70.77,4.3,114.86,64.47
2026-06-09T08:02:26,70.85,4.34,111.88,64.46
2026-06-09T08:02:27,70.92,4.3,113.76,64.49
2026-06-09T08:02:28,71.03,4.28,112.05,64.52
2026-06-09T08:02:29,71.15,4.27,110.81,64.48
2026-06-09T08:02:30,71.3,4.26,107.97,64.47
2026-06-09T08:02:31,71.21,4.25,110.9,64.44
2026-06-09T08:02:32,71.35,4.23,108.79,64.42
2026-06-09T08:02:33,71.24,4.28,108.11,64.41
2026-06-09T08:02:34,71.32,4.32,109.65,64.37
2026-06-09T08:02:35,71.36,4.36,109.77,64.37
2026-06-09T08:02:36,71.37,4.35,110.1,64.42
2026-06-09T08:02:37,71.33,4.3,109.87,64.37
2026-06-09T08:02:38,71.16,4.34,107.88,64.34
2026-06-09T08:02:39,71.29,4.37,110.65,64.32
2026-06-09T08:02:40,71.19,4.34,112.46,64.32
2026-06-09T08:02:41,71.31,4.37,114.81,64.3
2026-06-09T08:02:42,71.21,4.38,113.96,64.32
2026-06-09T08:02:43,71.39,4.4,116.68,64.33
2026-06-09T08:02:44,71.27,4.43,115.56,64.29
2026-06-09T08:02:45,71.17,4.45,115.47,64.29
2026-06-09T08:02:46,71.14,4.41,114.14,64.31
2026-06-09T08:02:47,71.04,4.4,113.14,64.27
2026-06-09T08:02:48,71.06,4.36,115.95,64.28
2026-06-09T08:02:49,70.93,4.31,117.17,64.27
2026-06-09T08:02:50,70.81,4.31,116.37,64.23
2026-06-09T08:02:51,70.78,4.33,118.46,64.27
2026-06-09T08:02:52,70.82,4.37,116.76,64.31
2026-06-09T08:02:53,70.97,4.4,114.56,64.34
2026-06-09T08:02:54,71.06,4.44,114.53,64.37
2026-06-09T08:02:55,70.91,4.39,113.5,64.42
2026-06-09T08:02:56,70.75,4.41,111.43,64.37
2026-06-09T08:02:57,70.65,4.46,112.7,64.39
2026-06-09T08:02:58,70.69,4.49,113.03,64.38
2026-06-09T08:02:59,70.87,4.45,113.84,64.4
2026-06-09T08:03:00,71.07,4.45,116.36,64.36
2026-06-09T08:03:01,71.27,4.43,117.47,64.34
2026-06-09T08:03:02,71.15,4.4,115.38,64.3
2026-06-09T08:03:03,71.05,4.38,113.46,64.25
2026-06-09T08:03:04,70.9,4.39,113.57,64.23
2026-06-09T08:03:05,70.94,4.35,114.12,64.28
2026-06-09T08:03:06,70.96,4.36,117.1,64.26
2026-06-09T08:03:07,70.9,4.4,114.46,64.31
2026-06-09T08:03:08,70.79,4.39,111.53,64.27
2026-06-09T08:03:09,70.75,4.38,112.52,64.23
2026-06-09T08:03:10,70.73,4.35,115.21,64.26
2026-06-09T08:03:11,70.76,4.38,113.37,64.22
2026-06-09T08:03:12,70.85,4.35,116.21,64.2
2026-06-09T08:03:13,70.93,4.32,117.61,64.19
2026-06-09T08:03:14,70.98,4.35,115.42,64.18
2026-06-09T08:03:15,70.78,4.4,117.93,64.2
2026-06-09T08:03:16,70.8,4.39,117.13,64.17
2026-06-09T08:03:17,70.65,4.35,116.78,64.2
2026-06-09T08:03:18,70.72,4.33,119.34,64.23
2026-06-09T08:03:19,70.7,4.34,117.56,64.2
2026-06-09T08:03:20,70.69,4.36,115.66,64.21
2026-06-09T08:03:21,70.78,4.37,114.6,64.22
2026-06-09T08:03:22,70.67,4.39,117.0,64.21
2026-06-09T08:03:23,70.66,4.36,117.45,64.18
2026-06-09T08:03:24,70.79,4.35,118.35,64.17
2026-06-09T08:03:25,70.75,4.36,116.01,64.15
2026-06-09T08:03:26,70.82,4.4,116.87,64.14
2026-06-09T08:03:27,70.84,4.42,115.94,64.1
2026-06-09T08:03:28,71.0,4.44,113.89,64.07
2026-06-09T08:03:29,70.95,4.41,112.81,64.08
2026-06-09T08:03:30,71.07,4.38,113.54,64.06
2026-06-09T08:03:31,71.04,4.4,111.63,64.02
2026-06-09T08:03:32,71.15,4.38,111.85,63.98
2026-06-09T08:03:33,71.16,4.39,113.57,63.97
2026-06-09T08:03:34,71.29,4.4,111.69,63.95
2026-06-09T08:03:35,71.34,4.37,114.02,63.91
2026-06-09T08:03:36,71.22,4.35,116.39,63.89
2026-06-09T08:03:37,71.37,4.34,113.6,63.86
2026-06-09T08:03:38,71.2,4.35,110.97,63.89
2026-06-09T08:03:39,71.16,4.38,113.61,63.91
2026-06-09T08:03:40,71.14,4.42,110.69,63.94
2026-06-09T08:03:41,70.95,4.43,108.85,63.9
2026-06-09T08:03:42,70.85,4.47,110.46,63.95
2026-06-09T08:03:43,70.8,4.46,109.16,63.95
2026-06-09T08:03:44,70.75,4.45,107.19,63.96
2026-06-09T08:03:45,70.92,4.43,109.74,63.99
2026-06-09T08:03:46,71.08,4.45,108.57,63.97
2026-06-09T08:03:47,71.04,4.47,105.89,63.92
2026-06-09T08:03:48,70.91,4.42,107.02,63.94
2026-06-09T08:03:49,70.91,4.39,109.38,63.91
2026-06-09T08:03:50,70.79,4.37,107.89,63.86
2026-06-09T08:03:51,70.78,4.41,104.95,63.88
2026-06-09T08:03:52,70.94,4.37,107.75,63.89
2026-06-09T08:03:53,70.79,4.34,108.73,63.9
2026-06-09T08:03:54,70.61,4.33,110.72,63.93
2026-06-09T08:03:55,70.61,4.37,111.67,63.9
2026-06-09T08:03:56,70.55,4.41,111.72,63.88
2026-06-09T08:03:57,70.35,4.42,109.67,63.88
2026-06-09T08:03:58,70.35,4.42,108.28,63.86
2026-06-09T08:03:59,70.24,4.46,106.93,63.85
2026-06-09T08:04:00,70.42,4.47,106.16,63.82
2026-06-09T08:04:01,70.51,4.47,106.05,63.83
2026-06-09T08:04:02,70.33,4.42,108.15,63.85
2026-06-09T08:04:03,70.53,4.37,107.3,63.8
2026-06-09T08:04:04,70.47,4.42,106.06,63.83
2026-06-09T08:04:05,70.61,4.43,103.62,63.8
2026-06-09T08:04:06,70.55,4.47,104.38,63.75
2026-06-09T08:04:07,70.65,4.46,106.28,63.75
2026-06-09T08:04:08,70.61,4.46,104.43,63.73
2026-06-09T08:04:09,70.57,4.51,107.42,63.78
2026-06-09T08:04:10,70.62,4.47,105.2,63.79
2026-06-09T08:04:11,70.52,4.43,103.85,63.75
2026-06-09T08:04:12,70.64,4.4,102.64,63.72
2026-06-09T08:04:13,70.54,4.35,101.72,63.69
2026-06-09T08:04:14,70.61,4.39,103.87,63.71
2026-06-09T08:04:15,70.49,4.43,103.43,63.73
2026-06-09T08:04:16,70.42,4.45,104.17,63.72
2026-06-09T08:04:17,70.23,4.47,106.81,63.73
2026-06-09T08:04:18,70.26,4.52,107.11,63.68
2026-06-09T08:04:19,70.23,4.49,104.46,63.66
2026-06-09T08:04:20,70.05,4.47,102.15,63.69
2026-06-09T08:04:21,70.01,4.42,104.02,63.71
2026-06-09T08:04:22,69.89,4.45,101.6,63.69
2026-06-09T08:04:23,69.92,4.48,102.64,63.67
2026-06-09T08:04:24,69.84,4.44,101.44,63.64
2026-06-09T08:04:25,69.73,4.46,101.73,63.68
2026-06-09T08:04:26,69.68,4.5,102.32,63.7
2026-06-09T08:04:27,69.49,4.47,104.5,63.73
2026-06-09T08:04:28,69.51,4.46,102.08,63.68
2026-06-09T08:04:29,69.31,4.49,101.63,63.64
2026-06-09T08:04:30,69.39,4.52,103.49,63.65
2026-06-09T08:04:31,69.24,4.55,105.39,63.62
2026-06-09T08:04:32,69.32,4.55,104.23,63.67
2026-06-09T08:04:33,69.33,4.58,103.3,63.68
2026-06-09T08:04:34,69.27,4.61,105.04,63.66
2026-06-09T08:04:35,69.44,4.58,105.11,63.68
2026-06-09T08:04:36,69.58,4.55,104.0,63.68
2026-06-09T08:04:37,69.7,4.57,104.25,63.73
2026-06-09T08:04:38,69.51,4.62,106.3,63.76
2026-06-09T08:04:39,69.47,4.61,105.47,63.73
2026-06-09T08:04:40,69.32,4.6,108.4,63.75
2026-06-09T08:04:41,69.51,4.62,109.39,63.71
2026-06-09T08:04:42,69.47,4.58,111.95,63.72
2026-06-09T08:04:43,69.32,4.59,112.0,63.72
2026-06-09T08:04:44,69.19,4.59,111.02,63.76
2026-06-09T08:04:45,69.25,4.58,112.39,63.77
2026-06-09T08:04:46,69.13,4.62,114.9,63.75
2026-06-09T08:04:47,69.11,4.59,115.27,63.78
2026-06-09T08:04:48,69.24,4.63,114.7,63.8
2026-06-09T08:04:49,69.17,4.63,114.56,63.82
2026-06-09T08:04:50,69.04,4.58,117.45,63.78
2026-06-09T08:04:51,69.01,4.54,120.14,63.77
2026-06-09T08:04:52,69.05,4.55,118.98,63.81
2026-06-09T08:04:53,69.1,4.51,119.53,63.78
2026-06-09T08:04:54,69.3,4.56,119.15,63.77
2026-06-09T08:04:55,69.21,4.59,118.81,63.81
2026-06-09T08:04:56,69.12,4.56,117.61,63.83
2026-06-09T08:04:57,68.93,4.51,115.92,63.83
2026-06-09T08:04:58,68.92,4.51,118.42,63.82
2026-06-09T08:04:59,68.73,4.5,116.09,63.82
2026-06-09T08:05:00,68.59,4.47,113.94,63.81
2026-06-09T08:05:01,68.42,4.5,111.16,63.85
2026-06-09T08:05:02,68.61,4.53,113.71,63.86
2026-06-09T08:05:03,68.73,4.51,115.41,63.83
2026-06-09T08:05:04,68.89,4.47,118.17,63.79
2026-06-09T08:05:05,68.7,4.5,116.22,63.81
2026-06-09T08:05:06,68.52,4.48,116.58,63.85
2026-06-09T08:05:07,68.42,4.47,118.92,63.82
2026-06-09T08:05:08,68.42,4.43,118.04,63.84
2026-06-09T08:05:09,68.53,4.4,119.55,63.89
2026-06-09T08:05:10,68.45,4.44,120.82,63.87
2026-06-09T08:05:11,68.61,4.46,119.84,63.92
2026-06-09T08:05:12,68.68,4.43,120.22,63.95
2026-06-09T08:05:13,68.73,4.44,121.87,63.99
2026-06-09T08:05:14,68.87,4.43,121.83,63.97
2026-06-09T08:05:15,68.9,4.4,122.63,63.98
2026-06-09T08:05:16,68.86,4.41,122.96,63.98
2026-06-09T08:05:17,68.92,4.38,125.08,63.94
2026-06-09T08:05:18,68.83,4.37,126.28,63.9
2026-06-09T08:05:19,68.67,4.39,126.61,63.86
2026-06-09T08:05:20,68.68,4.41,126.08,63.85
2026-06-09T08:05:21,68.56,4.44,129.07,63.82
2026-06-09T08:05:22,68.4,4.45,127.74,63.83
2026-06-09T08:05:23,68.38,4.43,130.15,63.8
2026-06-09T08:05:24,68.32,4.39,127.36,63.76
2026-06-09T08:05:25,68.14,4.38,127.21,63.77
2026-06-09T08:05:26,68.24,4.36,125.12,63.79
2026-06-09T08:05:27,68.05,4.4,127.83,63.84
2026-06-09T08:05:28,68.17,4.44,127.06,63.81
2026-06-09T08:05:29,67.98,4.47,128.09,63.81
2026-06-09T08:05:30,67.97,4.45,128.69,63.82
2026-06-09T08:05:31,68.15,4.46,129.45,63.77
2026-06-09T08:05:32,68.19,4.47,129.14,63.78
2026-06-09T08:05:33,68.3,4.45,130.38,63.83
2026-06-09T08:05:34,68.18,4.42,129.33,63.8
2026-06-09T08:05:35,68.07,4.4,126.42,63.75
2026-06-09T08:05:36,68.07,4.41,126.35,63.77
2026-06-09T08:05:37,68.25,4.38,124.4,63.74
2026-06-09T08:05:38,68.37,4.35,122.41,63.76
2026-06-09T08:05:39,68.18,4.32,121.3,63.77
2026-06-09T08:05:40,68.26,4.3,123.99,63.72
2026-06-09T08:05:41,68.17,4.26,123.65,63.69
2026-06-09T08:05:42,68.03,4.25,122.72,63.72
2026-06-09T08:05:43,67.84,4.3,123.4,63.75
2026-06-09T08:05:44,67.84,4.3,121.63,63.71
2026-06-09T08:05:45,67.93,4.34,122.52,63.67
2026-06-09T08:05:46,67.98,4.32,124.19,63.68
2026-06-09T08:05:47,67.88,4.3,124.06,63.69
2026-06-09T08:05:48,67.73,4.29,126.04,63.65
2026-06-09T08:05:49,67.57,4.32,124.62,63.62
2026-06-09T08:05:50,67.61,4.35,122.34,63.59
2026-06-09T08:05:51,67.71,4.39,123.53,63.61
2026-06-09T08:05:52,67.71,4.43,124.85,63.62
2026-06-09T08:05:53,67.82,4.45,126.57,63.61
2026-06-09T08:05:54,67.98,4.49,127.48,63.66
2026-06-09T08:05:55,67.88,4.51,128.95,63.7
2026-06-09T08:05:56,67.68,4.52,128.58,63.73
2026-06-09T08:05:57,67.71,4.53,126.96,63.74
2026-06-09T08:05:58,67.57,4.52,125.28,63.78
2026-06-09T08:05:59,67.53,4.47,125.02,63.82
2026-06-09T08:06:00,67.49,4.48,122.62,63.86
2026-06-09T08:06:01,67.4,4.51,120.75,63.88
2026-06-09T08:06:02,67.4,4.48,118.48,63.87
2026-06-09T08:06:03,67.53,4.53,116.1,63.9
2026-06-09T08:06:04,67.63,4.52,114.47,63.85
2026-06-09T08:06:05,67.76,4.54,116.72,63.84
2026-06-09T08:06:06,67.87,4.57,116.57,63.81
2026-06-09T08:06:07,67.84,4.56,113.71,63.81
2026-06-09T08:06:08,67.77,4.58,115.76,63.78
2026-06-09T08:06:09,67.73,4.57,113.83,63.81
2026-06-09T08:06:10,67.77,4.58,112.41,63.83
2026-06-09T08:06:11,67.58,4.59,111.16,63.87
2026-06-09T08:06:12,67.57,4.57,113.42,63.89
2026-06-09T08:06:13,67.61,4.57,115.64,63.84
2026-06-09T08:06:14,67.46,4.61,115.14,63.88
2026-06-09T08:06:15,67.47,4.61,117.31,63.89
2026-06-09T08:06:16,67.51,4.63,119.15,63.91
2026-06-09T08:06:17,67.47,4.65,121.6,63.94
2026-06-09T08:06:18,67.52,4.63,122.44,63.94
2026-06-09T08:06:19,67.45,4.59,124.49,63.92
2026-06-09T08:06:20,67.5,4.59,123.27,63.97
2026-06-09T08:06:21,67.33,4.61,121.0,63.93
2026-06-09T08:06:22,67.14,4.6,121.01,63.94
2026-06-09T08:06:23,67.26,4.59,118.65,63.96
2026-06-09T08:06:24,67.46,4.61,117.64,63.99
2026-06-09T08:06:25,67.44,4.59,115.96,63.96
2026-06-09T08:06:26,67.43,4.62,118.93,63.96
2026-06-09T08:06:27,67.31,4.64,117.27,63.97
2026-06-09T08:06:28,67.35,4.67,120.23,64.0
2026-06-09T08:06:29,67.2,4.7,119.22,64.03
2026-06-09T08:06:30,67.26,4.74,121.1,64.05
2026-06-09T08:06:31,67.18,4.7,119.2,64.04
2026-06-09T08:06:32,67.2,4.67,122.14,64.09
2026-06-09T08:06:33,67.32,4.68,120.39,64.12
2026-06-09T08:06:34,67.24,4.64,119.55,64.14
2026-06-09T08:06:35,67.39,4.59,117.32,64.14
2026-06-09T08:06:36,67.35,4.59,115.9,64.13
2026-06-09T08:06:37,67.34,4.63,114.41,64.14
2026-06-09T08:06:38,67.38,4.6,112.05,64.13
2026-06-09T08:06:39,67.42,4.62,112.58,64.12
2026-06-09T08:06:40,67.25,4.65,114.68,64.12
2026-06-09T08:06:41,67.45,4.7,112.44,64.1
2026-06-09T08:06:42,67.37,4.68,115.21,64.14
2026-06-09T08:06:43,67.27,4.65,116.9,64.11
2026-06-09T08:06:44,67.43,4.67,114.86,64.13
2026-06-09T08:06:45,67.4,4.71,114.82,64.15
2026-06-09T08:06:46,67.5,4.68,115.32,64.12
2026-06-09T08:06:47,67.33,4.68,115.05,64.07
2026-06-09T08:06:48,67.41,4.71,114.01,64.07
2026-06-09T08:06:49,67.4,4.76,111.5,64.02
2026-06-09T08:06:50,67.5,4.8,109.24,64.0
2026-06-09T08:06:51,67.65,4.78,111.58,63.99
2026-06-09T08:06:52,67.81,4.8,110.25,63.97
2026-06-09T08:06:53,67.98,4.76,110.92,63.94
2026-06-09T08:06:54,68.15,4.79,112.6,63.96
2026-06-09T08:06:55,68.31,4.78,109.86,63.95
2026-06-09T08:06:56,68.13,4.82,110.55,63.92
2026-06-09T08:06:57,68.11,4.83,108.84,63.93
2026-06-09T08:06:58,68.25,4.8,106.21,63.94
2026-06-09T08:06:59,68.34,4.84,105.69,63.97
2026-06-09T08:07:00,68.42,4.88,105.15,63.97
2026-06-09T08:07:01,68.57,4.9,103.46,63.93
2026-06-09T08:07:02,68.55,4.9,103.8,63.97
2026-06-09T08:07:03,68.4,4.93,101.46,63.95
2026-06-09T08:07:04,68.25,4.92,100.86,63.94
2026-06-09T08:07:05,68.32,4.89,103.7,63.91
2026-06-09T08:07:06,68.16,4.86,102.99,63.89
2026-06-09T08:07:07,68.21,4.82,105.06,63.88
2026-06-09T08:07:08,68.02,4.86,107.8,63.92
2026-06-09T08:07:09,67.95,4.91,108.32,63.96
2026-06-09T08:07:10,68.05,4.9,106.34,63.98
2026-06-09T08:07:11,68.1,4.91,107.04,64.01
2026-06-09T08:07:12,67.91,4.89,105.05,64.02
2026-06-09T08:07:13,67.88,4.86,104.13,64.01
2026-06-09T08:07:14,67.9,4.86,105.25,64.04
2026-06-09T08:07:15,67.98,4.84,105.81,64.05
2026-06-09T08:07:16,67.9,4.85,107.13,64.0
2026-06-09T08:07:17,68.0,4.8,107.94,63.97
2026-06-09T08:07:18,67.88,4.82,108.4,63.96
2026-06-09T08:07:19,67.85,4.77,110.05,63.99
2026-06-09T08:07:20,67.92,4.77,108.17,64.02
2026-06-09T08:07:21,67.92,4.72,108.73,63.98
2026-06-09T08:07:22,67.73,4.73,109.0,63.94
2026-06-09T08:07:23,67.72,4.76,110.67,63.91
2026-06-09T08:07:24,67.65,4.77,113.0,63.96
2026-06-09T08:07:25,67.82,4.72,114.88,63.97
2026-06-09T08:07:26,67.71,4.72,114.05,63.93
2026-06-09T08:07:27,67.58,4.67,112.95,63.96
2026-06-09T08:07:28,67.64,4.63,115.8,63.92
2026-06-09T08:07:29,67.6,4.64,116.14,63.96
2026-06-09T08:07:30,67.62,4.69,114.56,63.94
2026-06-09T08:07:31,67.67,4.65,117.02,63.96
2026-06-09T08:07:32,67.54,4.7,119.95,63.98
2026-06-09T08:07:33,67.43,4.71,120.42,64.01
2026-06-09T08:07:34,67.6,4.76,122.72,64.05
2026-06-09T08:07:35,67.79,4.77,125.62,64.04
2026-06-09T08:07:36,67.73,4.76,126.88,64.07
2026-06-09T08:07:37,67.54,4.77,127.31,64.11
2026-06-09T08:07:38,67.62,4.73,129.96,64.07
2026-06-09T08:07:39,67.62,4.71,127.09,64.09
2026-06-09T08:07:40,67.54,4.73,125.05,64.14
2026-06-09T08:07:41,67.63,4.75,124.35,64.11
2026-06-09T08:07:42,67.82,4.72,124.82,64.13
2026-06-09T08:07:43,67.85,4.73,122.52,64.11
2026-06-09T08:07:44,67.76,4.78,123.17,64.08
2026-06-09T08:07:45,67.64,4.79,124.9,64.1
2026-06-09T08:07:46,67.78,4.82,122.65,64.08
2026-06-09T08:07:47,67.89,4.84,119.79,64.07
2026-06-09T08:07:48,67.93,4.8,120.95,64.04
2026-06-09T08:07:49,68.12,4.79,117.96,64.04
2026-06-09T08:07:50,68.23,4.79,119.92,64.0
2026-06-09T08:07:51,68.04,4.82,119.17,64.03
2026-06-09T08:07:52,67.95,4.86,116.86,64.01
2026-06-09T08:07:53,68.09,4.91,115.82,64.01
2026-06-09T08:07:54,68.12,4.87,117.24,64.05
2026-06-09T08:07:55,68.1,4.9,119.12,64.04
2026-06-09T08:07:56,68.24,4.93,116.37,64.08
2026-06-09T08:07:57,68.13,4.97,118.54,64.11
2026-06-09T08:07:58,68.28,4.99,118.96,64.11
2026-06-09T08:07:59,68.23,4.95,120.06,64.08
2026-06-09T08:08:00,68.32,4.94,117.89,64.04
2026-06-09T08:08:01,68.42,4.98,120.84,64.06
2026-06-09T08:08:02,68.54,4.95,120.43,64.09
2026-06-09T08:08:03,68.36,4.92,120.56,64.07
2026-06-09T08:08:04,68.43,4.88,121.61,64.08
2026-06-09T08:08:05,68.62,4.85,122.16,64.12
2026-06-09T08:08:06,68.43,4.9,122.72,64.09
2026-06-09T08:08:07,68.26,4.87,124.17,64.08
2026-06-09T08:08:08,68.3,4.91,126.68,64.08
2026-06-09T08:08:09,68.44,4.9,128.6,64.11
2026-06-09T08:08:10,68.63,4.91,131.19,64.11
2026-06-09T08:08:11,68.8,4.96,133.12,64.06
2026-06-09T08:08:12,68.79,4.91,131.11,64.08
2026-06-09T08:08:13,68.85,4.94,131.5,64.09
2026-06-09T08:08:14,69.01,4.93,130.17,64.12
2026-06-09T08:08:15,68.96,4.89,131.07,64.12
2026-06-09T08:08:16,69.04,4.91,132.14,64.14
2026-06-09T08:08:17,69.08,4.89,131.01,64.12
2026-06-09T08:08:18,69.24,4.87,131.62,64.11
2026-06-09T08:08:19,69.18,4.83,132.22,64.1
2026-06-09T08:08:20,69.27,4.78,135.17,64.14
2026-06-09T08:08:21,69.36,4.78,134.79,64.18
2026-06-09T08:08:22,69.41,4.82,133.83,64.2
2026-06-09T08:08:23,69.31,4.85,133.88,64.25
2026-06-09T08:08:24,69.14,4.84,133.06,64.24
2026-06-09T08:08:25,69.18,4.83,133.93,64.22
2026-06-09T08:08:26,69.09,4.87,134.15,64.19
2026-06-09T08:08:27,69.22,4.83,132.27,64.2
2026-06-09T08:08:28,69.39,4.88,134.2,64.24
2026-06-09T08:08:29,69.51,4.93,136.03,64.29
2026-06-09T08:08:30,69.61,4.94,135.39,64.32
2026-06-09T08:08:31,69.44,4.95,133.26,64.37
2026-06-09T08:08:32,69.24,4.93,132.73,64.35
2026-06-09T08:08:33,69.23,4.92,130.61,64.36
2026-06-09T08:08:34,69.26,4.94,132.75,64.41
2026-06-09T08:08:35,69.23,4.93,129.83,64.44
2026-06-09T08:08:36,69.14,4.92,131.04,64.39
2026-06-09T08:08:37,68.95,4.95,130.98,64.4
2026-06-09T08:08:38,69.13,4.9,132.44,64.37
2026-06-09T08:08:39,69.29,4.94,131.15,64.35
2026-06-09T08:08:40,69.37,4.96,129.18,64.37
2026-06-09T08:08:41,69.3,5.01,130.13,64.42
2026-06-09T08:08:42,69.5,4.99,131.02,64.4
2026-06-09T08:08:43,69.42,5.01,133.19,64.36
2026-06-09T08:08:44,69.22,5.02,130.94,64.34
2026-06-09T08:08:45,69.16,5.04,129.47,64.34
2026-06-09T08:08:46,69.26,5.0,131.75,64.32
2026-06-09T08:08:47,69.16,4.96,131.04,64.28
2026-06-09T08:08:48,69.17,4.94,129.2,64.27
2026-06-09T08:08:49,69.01,4.99,127.4,64.28
2026-06-09T08:08:50,68.93,5.0,129.76,64.28
2026-06-09T08:08:51,68.94,5.03,131.38,64.25
2026-06-09T08:08:52,68.85,5.05,133.65,64.25
2026-06-09T08:08:53,69.04,5.08,133.46,64.23
2026-06-09T08:08:54,69.1,5.04,132.44,64.22
2026-06-09T08:08:55,69.23,5.05,133.45,64.17
2026-06-09T08:08:56,69.13,5.08,132.86,64.12
2026-06-09T08:08:57,69.04,5.07,131.71,64.14
2026-06-09T08:08:58,68.92,5.12,131.19,64.17
2026-06-09T08:08:59,68.98,5.11,134.06,64.14
2026-06-09T08:09:00,68.81,5.08,136.18,64.1
2026-06-09T08:09:01,68.9,5.08,138.36,64.07
2026-06-09T08:09:02,68.96,5.04,136.94,64.02
2026-06-09T08:09:03,69.09,5.04,137.98,64.0
2026-06-09T08:09:04,69.05,5.06,135.11,63.96
2026-06-09T08:09:05,69.19,5.03,134.53,63.91
2026-06-09T08:09:06,69.32,5.03,131.95,63.91
2026-06-09T08:09:07,69.16,5.0,131.77,63.96
2026-06-09T08:09:08,69.2,5.02,132.56,64.01
2026-06-09T08:09:09,69.25,5.01,131.27,64.04
2026-06-09T08:09:10,69.44,4.98,133.85,63.99
2026-06-09T08:09:11,69.51,4.93,131.83,64.04
2026-06-09T08:09:12,69.5,4.94,133.1,64.08
2026-06-09T08:09:13,69.53,4.92,132.52,64.05
2026-06-09T08:09:14,69.45,4.91,129.77,64.01
2026-06-09T08:09:15,69.38,4.89,130.7,63.99
2026-06-09T08:09:16,69.22,4.84,132.92,64.0
2026-06-09T08:09:17,69.26,4.85,131.32,63.97
2026-06-09T08:09:18,69.31,4.85,132.83,63.98
2026-06-09T08:09:19,69.35,4.81,133.92,63.97
2026-06-09T08:09:20,69.5,4.84,133.03,63.98
2026-06-09T08:09:21,69.65,4.83,132.67,63.95
2026-06-09T08:09:22,69.59,4.79,133.0,63.91
2026-06-09T08:09:23,69.71,4.74,135.79,63.95
2026-06-09T08:09:24,69.75,4.77,132.9,63.98
2026-06-09T08:09:25,69.56,4.73,132.81,63.93
2026-06-09T08:09:26,69.71,4.72,135.16,63.89
2026-06-09T08:09:27,69.6,4.74,132.51,63.86
2026-06-09T08:09:28,69.64,4.71,131.69,63.89
2026-06-09T08:09:29,69.65,4.68,134.0,63.94
2026-06-09T08:09:30,69.72,4.66,136.53,63.9
2026-06-09T08:09:31,69.86,4.64,136.22,63.85
2026-06-09T08:09:32,69.85,4.59,139.13,63.89
2026-06-09T08:09:33,69.99,4.64,141.24,63.87
2026-06-09T08:09:34,70.16,4.6,141.33,63.87
2026-06-09T08:09:35,70.27,4.56,140.58,63.88
2026-06-09T08:09:36,70.12,4.55,141.76,63.87
2026-06-09T08:09:37,69.94,4.55,139.6,63.84
2026-06-09T08:09:38,69.74,4.52,138.08,63.81
2026-06-09T08:09:39,69.9,4.47,138.35,63.85
2026-06-09T08:09:40,69.87,4.47,136.67,63.9
2026-06-09T08:09:41,69.82,4.44,134.81,63.91
2026-06-09T08:09:42,69.95,4.47,133.99,63.93
2026-06-09T08:09:43,69.97,4.51,134.66,63.92
2026-06-09T08:09:44,69.95,4.56,135.83,63.89
2026-06-09T08:09:45,70.03,4.56,138.83,63.88
2026-06-09T08:09:46,70.12,4.54,140.94,63.83
2026-06-09T08:09:47,70.09,4.55,142.34,63.86
2026-06-09T08:09:48,70.14,4.54,142.77,63.89
2026-06-09T08:09:49,69.99,4.55,145.43,63.89
2026-06-09T08:09:50,69.88,4.52,142.68,63.92
2026-06-09T08:09:51,69.79,4.49,145.06,63.96
2026-06-09T08:09:52,69.73,4.48,146.55,63.93
2026-06-09T08:09:53,69.63,4.45,143.66,63.97
2026-06-09T08:09:54,69.78,4.42,141.5,63.99
2026-06-09T08:09:55,69.64,4.44,139.6,64.0
2026-06-09T08:09:56,69.67,4.48,142.31,63.97
2026-06-09T08:09:57,69.74,4.47,144.01,63.94
2026-06-09T08:09:58,69.66,4.46,146.67,63.97
2026-06-09T08:09:59,69.79,4.43,147.74,63.94
2026-06-09T08:10:00,69.73,4.46,148.82,63.95
2026-06-09T08:10:01,69.65,4.48,146.33,63.99
2026-06-09T08:10:02,69.71,4.53,148.68,63.99
2026-06-09T08:10:03,69.53,4.51,146.34,63.98
2026-06-09T08:10:04,69.35,4.47,148.16,63.96
2026-06-09T08:10:05,69.19,4.5,150.05,63.94
2026-06-09T08:10:06,69.01,4.48,147.64,63.95
2026-06-09T08:10:07,69.05,4.45,145.4,63.99
2026-06-09T08:10:08,68.99,4.49,146.37,64.03
2026-06-09T08:10:09,69.17,4.51,147.46,64.05
2026-06-09T08:10:10,69.27,4.5,145.89,64.02
2026-06-09T08:10:11,69.41,4.53,146.21,63.98
2026-06-09T08:10:12,69.4,4.5,145.18,63.98
2026-06-09T08:10:13,69.45,4.5,143.72,63.93
2026-06-09T08:10:14,69.29,4.5,142.02,63.94
2026-06-09T08:10:15,69.13,4.53,139.12,63.97
2026-06-09T08:10:16,69.24,4.57,141.1,63.97
2026-06-09T08:10:17,69.3,4.54,141.06,64.0
2026-06-09T08:10:18,69.11,4.56,140.54,64.0
2026-06-09T08:10:19,69.15,4.59,141.48,64.0
2026-06-09T08:10:20,69.06,4.64,138.53,64.0
2026-06-09T08:10:21,68.98,4.6,138.86,63.95
2026-06-09T08:10:22,68.81,4.61,139.45,64.0
2026-06-09T08:10:23,68.89,4.62,141.82,64.05
2026-06-09T08:10:24,69.09,4.63,143.49,64.0
2026-06-09T08:10:25,69.01,4.67,145.85,63.96
2026-06-09T08:10:26,68.86,4.72,146.8,63.96
2026-06-09T08:10:27,69.01,4.74,146.27,63.92
2026-06-09T08:10:28,69.0,4.7,143.46,63.92
2026-06-09T08:10:29,69.12,4.75,141.26,63.92
2026-06-09T08:10:30,69.19,4.74,142.64,63.95
2026-06-09T08:10:31,69.07,4.79,143.58,63.96
2026-06-09T08:10:32,69.27,4.83,142.59,63.96
2026-06-09T08:10:33,69.23,4.82,144.69,63.94
2026-06-09T08:10:34,69.2,4.84,147.23,63.99
2026-06-09T08:10:35,69.06,4.85,147.61,63.97
2026-06-09T08:10:36,68.87,4.88,148.87,63.95
2026-06-09T08:10:37,68.77,4.9,150.9,63.97
2026-06-09T08:10:38,68.87,4.86,152.15,63.96
2026-06-09T08:10:39,68.79,4.86,153.32,63.98
2026-06-09T08:10:40,68.62,4.86,151.28,64.02
2026-06-09T08:10:41,68.74,4.83,149.37,64.06
2026-06-09T08:10:42,68.72,4.8,146.59,64.03
2026-06-09T08:10:43,68.9,4.8,149.1,64.03
2026-06-09T08:10:44,69.06,4.78,150.82,64.01
2026-06-09T08:10:45,68.98,4.82,151.23,64.05
2026-06-09T08:10:46,68.95,4.77,149.28,64.03
2026-06-09T08:10:47,68.99,4.74,150.35,63.98
2026-06-09T08:10:48,68.96,4.74,147.38,64.03
2026-06-09T08:10:49,68.96,4.7,144.38,64.0
2026-06-09T08:10:50,68.83,4.68,145.57,64.0
2026-06-09T08:10:51,68.78,4.65,147.7,64.03
2026-06-09T08:10:52,68.7,4.64,146.99,64.05
2026-06-09T08:10:53,68.79,4.6,145.74,64.09
2026-06-09T08:10:54,68.8,4.58,143.32,64.06
2026-06-09T08:10:55,68.61,4.57,144.62,64.07
2026-06-09T08:10:56,68.5,4.6,141.78,64.04
2026-06-09T08:10:57,68.56,4.62,141.17,64.08
2026-06-09T08:10:58,68.52,4.61,139.07,64.05
2026-06-09T08:10:59,68.32,4.65,140.78,64.01
2026-06-09T08:11:00,68.19,4.7,140.28,64.05
2026-06-09T08:11:01,68.15,4.68,139.37,64.01
2026-06-09T08:11:02,68.24,4.72,140.16,64.0
2026-06-09T08:11:03,68.42,4.67,140.78,64.03
2026-06-09T08:11:04,68.47,4.69,139.67,64.08
2026-06-09T08:11:05,68.33,4.73,140.28,64.07
2026-06-09T08:11:06,68.25,4.75,138.59,64.03
2026-06-09T08:11:07,68.26,4.77,135.9,64.07
2026-06-09T08:11:08,68.16,4.75,135.52,64.05
2026-06-09T08:11:09,68.35,4.73,133.89,64.0
2026-06-09T08:11:10,68.47,4.76,132.8,64.01
2026-06-09T08:11:11,68.3,4.8,130.44,64.01
2026-06-09T08:11:12,68.2,4.81,131.37,64.05
2026-06-09T08:11:13,68.11,4.78,131.76,64.01
2026-06-09T08:11:14,67.95,4.8,134.57,64.02
2026-06-09T08:11:15,68.06,4.76,132.4,64.02
2026-06-09T08:11:16,68.12,4.76,130.9,64.05
2026-06-09T08:11:17,68.15,4.81,129.34,64.01
2026-06-09T08:11:18,68.33,4.83,129.91,64.0
2026-06-09T08:11:19,68.47,4.87,127.3,64.0
2026-06-09T08:11:20,68.3,4.87,129.21,63.97
2026-06-09T08:11:21,68.22,4.89,131.75,63.93
2026-06-09T08:11:22,68.26,4.85,130.25,63.89
2026-06-09T08:11:23,68.23,4.88,127.34,63.92
2026-06-09T08:11:24,68.2,4.86,128.38,63.92
2026-06-09T08:11:25,68.22,4.89,126.45,63.96
2026-06-09T08:11:26,68.27,4.89,124.42,63.92
2026-06-09T08:11:27,68.21,4.94,124.3,63.88
2026-06-09T08:11:28,68.06,4.98,123.92,63.91
2026-06-09T08:11:29,68.11,4.94,121.24,63.91
2026-06-09T08:11:30,68.07,4.92,119.9,63.94
2026-06-09T08:11:31,68.1,4.9,118.07,63.92
2026-06-09T08:11:32,68.24,4.93,116.44,63.93
2026-06-09T08:11:33,68.12,4.91,117.15,63.89
2026-06-09T08:11:34,68.32,4.96,118.65,63.84
2026-06-09T08:11:35,68.2,4.93,119.17,63.84
2026-06-09T08:11:36,68.19,4.89,118.88,63.88
2026-06-09T08:11:37,68.35,4.93,118.04,63.89
2026-06-09T08:11:38,68.18,4.92,116.05,63.87
2026-06-09T08:11:39,68.33,4.92,113.25,63.91
2026-06-09T08:11:40,68.45,4.88,115.73,63.89
2026-06-09T08:11:41,68.59,4.88,113.76,63.91
2026-06-09T08:11:42,68.52,4.84,114.72,63.96
2026-06-09T08:11:43,68.57,4.86,115.2,63.95
2026-06-09T08:11:44,68.65,4.83,112.61,63.94
2026-06-09T08:11:45,68.57,4.81,112.7,63.89
2026-06-09T08:11:46,68.47,4.81,111.85,63.9
2026-06-09T08:11:47,68.45,4.78,112.57,63.92
2026-06-09T08:11:48,68.28,4.77,110.13,63.88
2026-06-09T08:11:49,68.3,4.79,108.54,63.93
2026-06-09T08:11:50,68.19,4.8,106.83,63.89
2026-06-09T08:11:51,68.19,4.82,109.04,63.87
2026-06-09T08:11:52,68.24,4.85,109.29,63.91
2026-06-09T08:11:53,68.1,4.82,111.22,63.92
2026-06-09T08:11:54,68.28,4.87,113.07,63.89
2026-06-09T08:11:55,68.17,4.86,111.53,63.93
2026-06-09T08:11:56,68.3,4.82,111.63,63.93
2026-06-09T08:11:57,68.16,4.81,111.5,63.95
2026-06-09T08:11:58,68.1,4.77,111.35,63.91
2026-06-09T08:11:59,67.95,4.76,112.96,63.93
2026-06-09T08:12:00,67.91,4.81,113.32,63.98
2026-06-09T08:12:01,68.01,4.82,113.74,63.98
2026-06-09T08:12:02,68.01,4.78,116.3,63.97
2026-06-09T08:12:03,67.89,4.8,118.63,64.02
2026-06-09T08:12:04,67.91,4.84,116.4,64.03
2026-06-09T08:12:05,67.76,4.84,113.5,64.05
2026-06-09T08:12:06,67.84,4.81,110.87,64.01
2026-06-09T08:12:07,67.96,4.83,111.14,64.0
2026-06-09T08:12:08,68.09,4.87,113.01,63.99
2026-06-09T08:12:09,68.0,4.89,113.32,63.96
2026-06-09T08:12:10,67.99,4.92,114.36,64.01
2026-06-09T08:12:11,67.86,4.89,112.46,64.04
2026-06-09T08:12:12,67.97,4.89,111.13,64.02
2026-06-09T08:12:13,68.13,4.86,108.36,64.06
2026-06-09T08:12:14,68.03,4.82,107.4,64.04
2026-06-09T08:12:15,68.23,4.81,109.04,64.02
2026-06-09T08:12:16,68.33,4.82,108.28,64.04
2026-06-09T08:12:17,68.38,4.79,105.77,64.03
2026-06-09T08:12:18,68.32,4.77,106.68,64.01
2026-06-09T08:12:19,68.19,4.78,103.7,64.02
2026-06-09T08:12:20,68.19,4.76,100.71,63.98
2026-06-09T08:12:21,68.28,4.75,102.84,63.94
2026-06-09T08:12:22,68.32,4.73,102.48,63.98
2026-06-09T08:12:23,68.21,4.69,99.61,63.95
2026-06-09T08:12:24,68.11,4.67,101.79,63.97
2026-06-09T08:12:25,68.3,4.65,101.39,64.01
2026-06-09T08:12:26,68.1,4.68,99.1,64.05
2026-06-09T08:12:27,68.25,4.66,97.07,64.05
2026-06-09T08:12:28,68.24,4.71,96.43,64.02
2026-06-09T08:12:29,68.25,4.68,99.32,63.97
2026-06-09T08:12:30,68.44,4.68,97.91,64.0
2026-06-09T08:12:31,68.55,4.64,97.86,64.01
2026-06-09T08:12:32,68.56,4.61,97.46,64.01
2026-06-09T08:12:33,68.54,4.59,98.14,63.99
2026-06-09T08:12:34,68.54,4.54,97.08,64.0
2026-06-09T08:12:35,68.68,4.54,95.92,63.98
2026-06-09T08:12:36,68.84,4.56,94.81,64.02
2026-06-09T08:12:37,68.8,4.58,92.44,63.99
2026-06-09T08:12:38,68.8,4.59,95.02,64.03
2026-06-09T08:12:39,68.93,4.58,96.5,64.01
2026-06-09T08:12:40,69.09,4.54,95.96,64.04
2026-06-09T08:12:41,69.28,4.52,96.41,64.09
2026-06-09T08:12:42,69.31,4.48,98.87,64.14
2026-06-09T08:12:43,69.26,4.52,99.84,64.16
2026-06-09T08:12:44,69.33,4.57,102.01,64.13
2026-06-09T08:12:45,69.37,4.55,104.2,64.13
2026-06-09T08:12:46,69.47,4.51,105.12,64.09
2026-06-09T08:12:47,69.54,4.56,104.7,64.12
2026-06-09T08:12:48,69.59,4.59,104.59,64.08
2026-06-09T08:12:49,69.76,4.56,104.7,64.11
2026-06-09T08:12:50,69.81,4.52,104.14,64.09
2026-06-09T08:12:51,69.69,4.55,102.28,64.09
2026-06-09T08:12:52,69.59,4.59,102.86,64.13
2026-06-09T08:12:53,69.77,4.57,105.13,64.18
2026-06-09T08:12:54,69.79,4.53,107.93,64.22
2026-06-09T08:12:55,69.78,4.49,106.33,64.23
2026-06-09T08:12:56,69.69,4.47,108.64,64.21
2026-06-09T08:12:57,69.84,4.45,106.52,64.22
2026-06-09T08:12:58,69.65,4.47,109.03,64.23
2026-06-09T08:12:59,69.74,4.5,110.42,64.26
2026-06-09T08:13:00,69.76,4.48,112.88,64.29
2026-06-09T08:13:01,69.76,4.48,109.96,64.28
2026-06-09T08:13:02,69.69,4.5,107.83,64.32
2026-06-09T08:13:03,69.68,4.54,106.42,64.32
2026-06-09T08:13:04,69.64,4.52,105.7,64.33
2026-06-09T08:13:05,69.5,4.5,106.27,64.34
2026-06-09T08:13:06,69.6,4.52,106.56,64.36
2026-06-09T08:13:07,69.53,4.48,103.99,64.4
2026-06-09T08:13:08,69.71,4.48,101.68,64.42
2026-06-09T08:13:09,69.67,4.45,102.63,64.45
2026-06-09T08:13:10,69.69,4.41,100.6,64.5
2026-06-09T08:13:11,69.86,4.39,101.01,64.47
2026-06-09T08:13:12,69.73,4.41,101.18,64.47
2026-06-09T08:13:13,69.85,4.37,98.46,64.5
2026-06-09T08:13:14,69.89,4.39,96.23,64.5
2026-06-09T08:13:15,70.07,4.42,96.44,64.53
2026-06-09T08:13:16,70.01,4.39,96.51,64.5
2026-06-09T08:13:17,70.03,4.36,98.21,64.51
2026-06-09T08:13:18,69.87,4.4,99.84,64.54
2026-06-09T08:13:19,70.04,4.43,100.19,64.5
2026-06-09T08:13:20,70.04,4.42,100.26,64.47
2026-06-09T08:13:21,69.96,4.46,97.53,64.52
2026-06-09T08:13:22,70.05,4.46,98.59,64.49
2026-06-09T08:13:23,70.19,4.42,97.6,64.51
2026-06-09T08:13:24,70.32,4.45,98.82,64.47
2026-06-09T08:13:25,70.44,4.43,97.27,64.49
2026-06-09T08:13:26,70.4,4.44,96.69,64.52
2026-06-09T08:13:27,70.57,4.4,96.82,64.55
2026-06-09T08:13:28,70.48,4.36,99.58,64.55
2026-06-09T08:13:29,70.36,4.41,101.61,64.55
2026-06-09T08:13:30,70.33,4.38,102.22,64.51
2026-06-09T08:13:31,70.22,4.37,103.1,64.53
2026-06-09T08:13:32,70.24,4.33,103.04,64.55
2026-06-09T08:13:33,70.38,4.33,105.96,64.51
2026-06-09T08:13:34,70.53,4.35,106.94,64.53
2026-06-09T08:13:35,70.4,4.39,106.05,64.56
2026-06-09T08:13:36,70.52,4.37,107.22,64.56
2026-06-09T08:13:37,70.49,4.41,105.14,64.51
2026-06-09T08:13:38,70.34,4.42,103.46,64.48
2026-06-09T08:13:39,70.4,4.4,102.48,64.52
2026-06-09T08:13:40,70.46,4.39,99.91,64.54
2026-06-09T08:13:41,70.52,4.4,98.49,64.55
2026-06-09T08:13:42,70.55,4.45,96.89,64.51
2026-06-09T08:13:43,70.44,4.42,99.17,64.46
2026-06-09T08:13:44,70.51,4.45,97.36,64.5
2026-06-09T08:13:45,70.68,4.44,97.53,64.49
2026-06-09T08:13:46,70.78,4.46,95.74,64.44
2026-06-09T08:13:47,70.85,4.46,95.16,64.43
2026-06-09T08:13:48,70.9,4.49,93.19,64.46
2026-06-09T08:13:49,71.06,4.49,91.07,64.5
2026-06-09T08:13:50,71.18,4.47,89.83,64.47
2026-06-09T08:13:51,71.14,4.52,88.17,64.43
2026-06-09T08:13:52,71.21,4.53,88.56,64.38
2026-06-09T08:13:53,71.22,4.51,90.06,64.33
2026-06-09T08:13:54,71.06,4.56,91.87,64.34
2026-06-09T08:13:55,71.22,4.59,90.93,64.32
2026-06-09T08:13:56,71.22,4.56,93.44,64.37
2026-06-09T08:13:57,71.22,4.57,90.97,64.37
2026-06-09T08:13:58,71.14,4.52,88.12,64.39
2026-06-09T08:13:59,71.31,4.51,88.08,64.43
2026-06-09T08:14:00,71.12,4.53,87.46,64.39
2026-06-09T08:14:01,71.14,4.52,88.09,64.41
2026-06-09T08:14:02,70.94,4.54,85.24,64.38
2026-06-09T08:14:03,70.85,4.56,85.53,64.35
2026-06-09T08:14:04,70.7,4.59,86.23,64.32
2026-06-09T08:14:05,70.86,4.6,89.17,64.33
2026-06-09T08:14:06,70.84,4.58,91.99,64.29
2026-06-09T08:14:07,70.79,4.62,92.09,64.33
2026-06-09T08:14:08,70.72,4.6,90.97,64.31
2026-06-09T08:14:09,70.86,4.63,91.87,64.29
2026-06-09T08:14:10,70.82,4.6,92.36,64.26
2026-06-09T08:14:11,70.82,4.59,92.44,64.31
2026-06-09T08:14:12,70.92,4.61,93.99,64.32
2026-06-09T08:14:13,70.83,4.64,95.85,64.27
2026-06-09T08:14:14,70.99,4.66,96.14,64.23
2026-06-09T08:14:15,70.85,4.67,95.4,64.28
2026-06-09T08:14:16,70.77,4.64,93.59,64.25
2026-06-09T08:14:17,70.61,4.63,92.35,64.24
2026-06-09T08:14:18,70.51,4.58,95.28,64.21
2026-06-09T08:14:19,70.55,4.62,95.01,64.2
2026-06-09T08:14:20,70.45,4.63,93.81,64.24
2026-06-09T08:14:21,70.3,4.58,93.64,64.22
2026-06-09T08:14:22,70.1,4.55,93.45,64.24
2026-06-09T08:14:23,70.24,4.59,94.43,64.19
2026-06-09T08:14:24,70.27,4.61,95.46,64.18
2026-06-09T08:14:25,70.34,4.65,98.15,64.18
2026-06-09T08:14:26,70.16,4.69,99.52,64.16
2026-06-09T08:14:27,70.31,4.67,98.72,64.19
2026-06-09T08:14:28,70.27,4.67,100.32,64.16
2026-06-09T08:14:29,70.19,4.63,102.02,64.12
2026-06-09T08:14:30,70.03,4.63,102.87,64.07
2026-06-09T08:14:31,69.85,4.62,104.27,64.09
2026-06-09T08:14:32,69.74,4.62,102.8,64.09
2026-06-09T08:14:33,69.79,4.61,101.89,64.07
2026-06-09T08:14:34,69.91,4.65,102.22,64.07
2026-06-09T08:14:35,69.86,4.69,101.43,64.09
2026-06-09T08:14:36,69.77,4.67,101.62,64.1
2026-06-09T08:14:37,69.77,4.66,104.0,64.12
2026-06-09T08:14:38,69.91,4.64,103.96,64.16
2026-06-09T08:14:39,70.04,4.65,104.63,64.11
2026-06-09T08:14:40,70.17,4.63,104.26,64.13
2026-06-09T08:14:41,70.07,4.67,101.75,64.12
2026-06-09T08:14:42,69.98,4.71,99.73,64.16
2026-06-09T08:14:43,69.82,4.66,98.76,64.11
2026-06-09T08:14:44,69.89,4.69,97.73,64.09
2026-06-09T08:14:45,69.92,4.67,99.38,64.14
2026-06-09T08:14:46,69.77,4.7,99.38,64.18
2026-06-09T08:14:47,69.58,4.67,97.4,64.21
2026-06-09T08:14:48,69.77,4.71,98.07,64.23
2026-06-09T08:14:49,69.66,4.73,96.65,64.23
2026-06-09T08:14:50,69.52,4.77,96.25,64.28
2026-06-09T08:14:51,69.7,4.72,94.9,64.29
2026-06-09T08:14:52,69.82,4.74,92.21,64.25
2026-06-09T08:14:53,69.98,4.73,92.17,64.22
2026-06-09T08:14:54,69.84,4.72,89.91,64.19
2026-06-09T08:14:55,69.7,4.72,90.49,64.15
2026-06-09T08:14:56,69.85,4.76,92.01,64.18
2026-06-09T08:14:57,69.89,4.76,91.01,64.18
2026-06-09T08:14:58,70.02,4.78,93.87,64.15
2026-06-09T08:14:59,70.1,4.73,95.2,64.12
2026-06-09T08:15:00,69.96,4.77,96.34,64.15
2026-06-09T08:15:01,69.78,4.74,97.89,64.12
2026-06-09T08:15:02,69.91,4.72,97.03,64.12
2026-06-09T08:15:03,69.83,4.74,98.57,64.16
2026-06-09T08:15:04,69.79,4.76,98.56,64.14
2026-06-09T08:15:05,69.88,4.75,97.67,64.11
2026-06-09T08:15:06,69.98,4.77,99.14,64.13
2026-06-09T08:15:07,69.91,4.8,98.26,64.11
2026-06-09T08:15:08,70.06,4.81,96.21,64.09
2026-06-09T08:15:09,70.07,4.79,93.62,64.06
2026-06-09T08:15:10,69.98,4.84,94.45,64.02
2026-06-09T08:15:11,70.16,4.83,96.56,64.02
2026-06-09T08:15:12,70.25,4.85,94.77,63.99
2026-06-09T08:15:13,70.07,4.87,94.22,64.02
2026-06-09T08:15:14,70.19,4.85,95.12,64.04
2026-06-09T08:15:15,70.39,4.85,93.16,64.08
2026-06-09T08:15:16,70.51,4.85,91.53,64.11
2026-06-09T08:15:17,70.46,4.8,92.33,64.06
2026-06-09T08:15:18,70.44,4.77,92.76,64.09
2026-06-09T08:15:19,70.56,4.72,91.87,64.06
2026-06-09T08:15:20,70.57,4.69,89.15,64.05
2026-06-09T08:15:21,70.49,4.74,86.43,64.0
2026-06-09T08:15:22,70.42,4.71,86.25,64.04
2026-06-09T08:15:23,70.62,4.73,88.25,64.05
2026-06-09T08:15:24,70.5,4.69,88.64,64.09
2026-06-09T08:15:25,70.43,4.64,91.05,64.06
2026-06-09T08:15:26,70.45,4.6,89.57,64.06
2026-06-09T08:15:27,70.36,4.59,89.77,64.08
2026-06-09T08:15:28,70.29,4.55,91.33,64.1
2026-06-09T08:15:29,70.4,4.54,90.41,64.09
2026-06-09T08:15:30,70.58,4.58,87.55,64.04
2026-06-09T08:15:31,70.75,4.61,88.79,64.05
2026-06-09T08:15:32,70.91,4.61,86.79,64.09
2026-06-09T08:15:33,70.82,4.58,86.55,64.08
2026-06-09T08:15:34,70.98,4.56,85.53,64.05
2026-06-09T08:15:35,70.83,4.56,84.38,64.0
2026-06-09T08:15:36,70.87,4.58,82.35,64.01
2026-06-09T08:15:37,71.03,4.6,80.4,64.03
2026-06-09T08:15:38,70.85,4.58,80,64.0
2026-06-09T08:15:39,70.99,4.6,80,63.97
2026-06-09T08:15:40,70.88,4.63,82.2,63.97
2026-06-09T08:15:41,70.71,4.63,80.7,63.98
2026-06-09T08:15:42,70.74,4.62,80.47,63.97
2026-06-09T08:15:43,70.71,4.65,80,63.93
2026-06-09T08:15:44,70.72,4.67,81.88,63.92
2026-06-09T08:15:45,70.91,4.66,80.92,63.89
2026-06-09T08:15:46,70.87,4.66,80,63.86
2026-06-09T08:15:47,70.83,4.63,81.71,63.85
2026-06-09T08:15:48,70.67,4.65,80,63.81
2026-06-09T08:15:49,70.69,4.69,80,63.85
2026-06-09T08:15:50,70.62,4.68,80,63.85
2026-06-09T08:15:51,70.54,4.63,81.0,63.87
2026-06-09T08:15:52,70.7,4.61,83.81,63.91
2026-06-09T08:15:53,70.53,4.57,82.27,63.92
2026-06-09T08:15:54,70.39,4.53,84.45,63.89
2026-06-09T08:15:55,70.46,4.55,83.15,63.85
2026-06-09T08:15:56,70.49,4.54,84.09,63.88
2026-06-09T08:15:57,70.43,4.54,81.78,63.83
2026-06-09T08:15:58,70.31,4.57,83.75,63.82
2026-06-09T08:15:59,70.27,4.54,85.37,63.86
2026-06-09T08:16:00,70.19,4.58,86.55,63.83
2026-06-09T08:16:01,70.34,4.56,89.35,63.82
2026-06-09T08:16:02,70.26,4.56,90.62,63.85
2026-06-09T08:16:03,70.14,4.54,89.35,63.83
2026-06-09T08:16:04,70.24,4.5,87.32,63.79
2026-06-09T08:16:05,70.39,4.53,85.31,63.77
2026-06-09T08:16:06,70.45,4.56,83.06,63.74
2026-06-09T08:16:07,70.48,4.54,83.03,63.76
2026-06-09T08:16:08,70.44,4.57,80.36,63.73
2026-06-09T08:16:09,70.45,4.56,80,63.7
2026-06-09T08:16:10,70.59,4.56,80,63.72
2026-06-09T08:16:11,70.5,4.55,80.75,63.69
2026-06-09T08:16:12,70.42,4.56,81.58,63.66
2026-06-09T08:16:13,70.29,4.57,80.51,63.64
2026-06-09T08:16:14,70.29,4.57,80.44,63.68
2026-06-09T08:16:15,70.44,4.61,80,63.64
2026-06-09T08:16:16,70.49,4.63,80,63.69
2026-06-09T08:16:17,70.37,4.62,80,63.67
2026-06-09T08:16:18,70.25,4.61,82.85,63.62
2026-06-09T08:16:19,70.29,4.6,83.81,63.64
2026-06-09T08:16:20,70.33,4.58,85.5,63.62
2026-06-09T08:16:21,70.3,4.62,86.03,63.57
2026-06-09T08:16:22,70.17,4.59,84.79,63.6
2026-06-09T08:16:23,70.25,4.58,83.63,63.57
2026-06-09T08:16:24,70.21,4.55,85.62,63.59
2026-06-09T08:16:25,70.23,4.57,83.18,63.62
2026-06-09T08:16:26,70.11,4.54,85.92,63.58
2026-06-09T08:16:27,69.99,4.57,85.54,63.61
2026-06-09T08:16:28,69.98,4.54,87.05,63.6
2026-06-09T08:16:29,69.89,4.57,88.91,63.6
2026-06-09T08:16:30,69.97,4.59,89.28,63.6
2026-06-09T08:16:31,69.78,4.61,91.07,63.6
2026-06-09T08:16:32,69.6,4.58,89.27,63.62
2026-06-09T08:16:33,69.58,4.54,91.14,63.61
2026-06-09T08:16:34,69.41,4.56,90.92,63.62
2026-06-09T08:16:35,69.28,4.55,93.69,63.63
2026-06-09T08:16:36,69.2,4.57,93.63,63.61
2026-06-09T08:16:37,69.36,4.59,91.01,63.56
2026-06-09T08:16:38,69.42,4.58,89.58,63.59
2026-06-09T08:16:39,69.57,4.61,86.82,63.58
2026-06-09T08:16:40,69.56,4.64,86.18,63.54
2026-06-09T08:16:41,69.65,4.62,87.65,63.55
2026-06-09T08:16:42,69.53,4.65,85.09,63.52
2026-06-09T08:16:43,69.47,4.64,86.1,63.56
2026-06-09T08:16:44,69.59,4.63,83.53,63.53
2026-06-09T08:16:45,69.44,4.64,84.97,63.54
2026-06-09T08:16:46,69.6,4.62,84.66,63.54
2026-06-09T08:16:47,69.71,4.64,83.8,63.57
2026-06-09T08:16:48,69.72,4.65,80.98,63.58
2026-06-09T08:16:49,69.57,4.6,81.13,63.57
2026-06-09T08:16:50,69.44,4.65,82.2,63.53
2026-06-09T08:16:51,69.46,4.64,85.17,63.55
2026-06-09T08:16:52,69.4,4.67,84.25,63.53
2026-06-09T08:16:53,69.53,4.63,83.42,63.51
2026-06-09T08:16:54,69.46,4.64,85.76,63.49
2026-06-09T08:16:55,69.49,4.68,82.92,63.44
2026-06-09T08:16:56,69.43,4.68,81.99,63.45
2026-06-09T08:16:57,69.42,4.64,81.29,63.46
2026-06-09T08:16:58,69.5,4.64,83.89,63.48
2026-06-09T08:16:59,69.57,4.66,82.05,63.43
2026-06-09T08:17:00,69.64,4.68,82.26,63.46
2026-06-09T08:17:01,69.52,4.68,80,63.42
2026-06-09T08:17:02,69.7,4.68,80,63.38
2026-06-09T08:17:03,69.54,4.72,82.83,63.38
2026-06-09T08:17:04,69.66,4.74,83.4,63.37
2026-06-09T08:17:05,69.81,4.74,80.91,63.36
2026-06-09T08:17:06,69.88,4.79,81.26,63.38
2026-06-09T08:17:07,69.72,4.76,81.97,63.36
2026-06-09T08:17:08,69.82,4.75,83.3,63.36
2026-06-09T08:17:09,69.73,4.71,84.15,63.38
2026-06-09T08:17:10,69.91,4.72,83.77,63.37
2026-06-09T08:17:11,69.96,4.71,82.8,63.39
2026-06-09T08:17:12,70.11,4.75,80.33,63.37
2026-06-09T08:17:13,70.24,4.75,80.61,63.37
2026-06-09T08:17:14,70.35,4.71,82.62,63.35
2026-06-09T08:17:15,70.24,4.72,80.04,63.35
2026-06-09T08:17:16,70.14,4.75,82.82,63.34
2026-06-09T08:17:17,70.28,4.71,80,63.32
2026-06-09T08:17:18,70.18,4.75,80.76,63.28
2026-06-09T08:17:19,70.22,4.73,83.22,63.29
2026-06-09T08:17:20,70.2,4.7,85.2,63.33
2026-06-09T08:17:21,70.16,4.74,82.99,63.32
2026-06-09T08:17:22,70.1,4.76,82.11,63.29
2026-06-09T08:17:23,70.02,4.8,80.32,63.32
2026-06-09T08:17:24,70.04,4.82,80,63.35
2026-06-09T08:17:25,69.95,4.8,81.09,63.32
2026-06-09T08:17:26,70.08,4.78,80,63.34
2026-06-09T08:17:27,70.19,4.75,80,63.37
2026-06-09T08:17:28,70.19,4.7,80,63.36
2026-06-09T08:17:29,70.07,4.74,81.49,63.4
2026-06-09T08:17:30,69.98,4.73,83.73,63.38
2026-06-09T08:17:31,69.87,4.69,85.96,63.38
2026-06-09T08:17:32,70.05,4.67,88.83,63.42
2026-06-09T08:17:33,70.24,4.63,87.88,63.43
2026-06-09T08:17:34,70.05,4.63,88.98,63.42
2026-06-09T08:17:35,69.95,4.63,86.53,63.39
2026-06-09T08:17:36,70.0,4.6,87.2,63.41
2026-06-09T08:17:37,70.05,4.6,86.11,63.41
2026-06-09T08:17:38,69.91,4.59,85.95,63.42
2026-06-09T08:17:39,69.98,4.63,85.84,63.46
2026-06-09T08:17:40,70.09,4.61,83.8,63.47
2026-06-09T08:17:41,70.26,4.62,84.33,63.49
2026-06-09T08:17:42,70.12,4.58,86.68,63.53
2026-06-09T08:17:43,70.11,4.62,88.01,63.55
2026-06-09T08:17:44,70.29,4.66,87.39,63.58
2026-06-09T08:17:45,70.4,4.68,89.42,63.53
2026-06-09T08:17:46,70.5,4.66,87.66,63.49
2026-06-09T08:17:47,70.37,4.62,85.36,63.5
2026-06-09T08:17:48,70.23,4.6,86.18,63.53
2026-06-09T08:17:49,70.23,4.62,88.02,63.53
2026-06-09T08:17:50,70.42,4.66,88.23,63.53
2026-06-09T08:17:51,70.59,4.69,86.93,63.55
2026-06-09T08:17:52,70.56,4.65,85.68,63.56
2026-06-09T08:17:53,70.46,4.61,85.69,63.61
2026-06-09T08:17:54,70.42,4.61,84.19,63.62
2026-06-09T08:17:55,70.35,4.64,84.76,63.66
2026-06-09T08:17:56,70.41,4.65,83.2,63.71
2026-06-09T08:17:57,70.55,4.62,84.71,63.72
2026-06-09T08:17:58,70.47,4.63,83.97,63.72
2026-06-09T08:17:59,70.4,4.63,82.96,63.75
2026-06-09T08:18:00,70.26,4.59,85.63,63.74
2026-06-09T08:18:01,70.25,4.56,83.66,63.73
2026-06-09T08:18:02,70.11,4.54,80.82,63.72
2026-06-09T08:18:03,70.09,4.57,80,63.69
2026-06-09T08:18:04,70.0,4.58,80,63.71
2026-06-09T08:18:05,69.95,4.6,80,63.7
2026-06-09T08:18:06,70.12,4.57,80,63.66
2026-06-09T08:18:07,70.2,4.59,80,63.65
2026-06-09T08:18:08,70.35,4.62,80.43,63.63
2026-06-09T08:18:09,70.27,4.63,83.27,63.6
2026-06-09T08:18:10,70.25,4.59,81.72,63.6
2026-06-09T08:18:11,70.35,4.6,82.9,63.62
2026-06-09T08:18:12,70.36,4.6,80,63.66
2026-06-09T08:18:13,70.43,4.58,82.74,63.63
2026-06-09T08:18:14,70.28,4.61,83.28,63.59
2026-06-09T08:18:15,70.41,4.59,84.92,63.56
2026-06-09T08:18:16,70.34,4.61,83.96,63.54
2026-06-09T08:18:17,70.26,4.61,81.41,63.55
2026-06-09T08:18:18,70.45,4.61,80.93,63.57
2026-06-09T08:18:19,70.59,4.64,83.05,63.61
2026-06-09T08:18:20,70.58,4.61,81.86,63.61
2026-06-09T08:18:21,70.73,4.59,80.57,63.61
2026-06-09T08:18:22,70.81,4.55,81.76,63.57
2026-06-09T08:18:23,70.64,4.59,80.93,63.59
2026-06-09T08:18:24,70.63,4.56,83.03,63.58
2026-06-09T08:18:25,70.76,4.54,83.83,63.62
2026-06-09T08:18:26,70.79,4.55,86.39,63.63
2026-06-09T08:18:27,70.65,4.51,85.46,63.61
2026-06-09T08:18:28,70.82,4.46,83.97,63.6
2026-06-09T08:18:29,70.86,4.44,83.68,63.64
2026-06-09T08:18:30,70.82,4.46,83.74,63.6
2026-06-09T08:18:31,70.71,4.46,85.05,63.58
2026-06-09T08:18:32,70.67,4.45,85.3,63.55
2026-06-09T08:18:33,70.53,4.43,86.73,63.51
2026-06-09T08:18:34,70.47,4.44,85.21,63.51
2026-06-09T08:18:35,70.35,4.49,84.94,63.54
2026-06-09T08:18:36,70.37,4.53,85.84,63.52
2026-06-09T08:18:37,70.47,4.5,86.58,63.52
2026-06-09T08:18:38,70.34,4.53,84.25,63.54
2026-06-09T08:18:39,70.5,4.53,87.18,63.5
2026-06-09T08:18:40,70.64,4.53,86.2,63.46
2026-06-09T08:18:41,70.61,4.58,83.22,63.45
2026-06-09T08:18:42,70.75,4.56,81.94,63.42
2026-06-09T08:18:43,70.91,4.58,81.93,63.46
2026-06-09T08:18:44,70.84,4.54,82.07,63.44
2026-06-09T08:18:45,70.8,4.51,84.45,63.48
2026-06-09T08:18:46,70.66,4.54,81.75,63.53
2026-06-09T08:18:47,70.67,4.51,80.23,63.57
2026-06-09T08:18:48,70.63,4.52,80,63.59
2026-06-09T08:18:49,70.78,4.48,80,63.57
2026-06-09T08:18:50,70.68,4.47,80,63.52
2026-06-09T08:18:51,70.48,4.48,81.19,63.55
2026-06-09T08:18:52,70.31,4.5,81.23,63.52
2026-06-09T08:18:53,70.26,4.52,80.47,63.56
2026-06-09T08:18:54,70.39,4.47,81.21,63.52
2026-06-09T08:18:55,70.24,4.47,80,63.56
2026-06-09T08:18:56,70.06,4.5,80,63.52
2026-06-09T08:18:57,70.05,4.48,81.71,63.47
2026-06-09T08:18:58,69.96,4.51,84.55,63.43
2026-06-09T08:18:59,69.88,4.49,84.7,63.45
2026-06-09T08:19:00,69.95,4.46,86.81,63.4
2026-06-09T08:19:01,70.02,4.43,86.29,63.41
2026-06-09T08:19:02,70.12,4.44,83.7,63.42
2026-06-09T08:19:03,69.96,4.44,81.89,63.43
2026-06-09T08:19:04,69.83,4.4,80,63.45
2026-06-09T08:19:05,69.9,4.38,80.33,63.49
2026-06-09T08:19:06,69.88,4.34,80,63.51
2026-06-09T08:19:07,69.94,4.39,80,63.48
2026-06-09T08:19:08,69.97,4.41,81.38,63.53
2026-06-09T08:19:09,69.78,4.4,80.02,63.55
2026-06-09T08:19:10,69.61,4.43,82.25,63.55
2026-06-09T08:19:11,69.57,4.39,82.23,63.6
2026-06-09T08:19:12,69.53,4.41,83.1,63.59
2026-06-09T08:19:13,69.57,4.37,82.62,63.62
2026-06-09T08:19:14,69.63,4.34,85.61,63.61
2026-06-09T08:19:15,69.73,4.37,85.32,63.64
2026-06-09T08:19:16,69.63,4.34,86.37,63.62
2026-06-09T08:19:17,69.49,4.34,84.14,63.64
2026-06-09T08:19:18,69.58,4.3,86.04,63.62
2026-06-09T08:19:19,69.55,4.27,88.5,63.64
2026-06-09T08:19:20,69.36,4.25,88.4,63.6
2026-06-09T08:19:21,69.37,4.24,90.87,63.6
2026-06-09T08:19:22,69.49,4.26,88.99,63.61
2026-06-09T08:19:23,69.47,4.3,91.4,63.59
2026-06-09T08:19:24,69.47,4.29,92.24,63.58
2026-06-09T08:19:25,69.29,4.31,90.54,63.61
2026-06-09T08:19:26,69.48,4.35,89.27,63.62
2026-06-09T08:19:27,69.39,4.34,88.65,63.62
2026-06-09T08:19:28,69.26,4.31,90.59,63.65
2026-06-09T08:19:29,69.21,4.27,90.23,63.67
2026-06-09T08:19:30,69.22,4.3,92.27,63.71
2026-06-09T08:19:31,69.06,4.35,89.5,63.72
2026-06-09T08:19:32,68.94,4.35,91.13,63.74
2026-06-09T08:19:33,69.08,4.3,93.38,63.77
2026-06-09T08:19:34,69.0,4.28,95.09,63.79
2026-06-09T08:19:35,68.89,4.33,95.25,63.81
2026-06-09T08:19:36,69.03,4.35,93.54,63.85
2026-06-09T08:19:37,68.99,4.36,91.79,63.83
2026-06-09T08:19:38,69.04,4.4,91.34,63.85
2026-06-09T08:19:39,68.86,4.45,90.26,63.82
2026-06-09T08:19:40,68.8,4.43,90.56,63.78
2026-06-09T08:19:41,68.65,4.48,89.72,63.77
2026-06-09T08:19:42,68.83,4.43,88.53,63.76
2026-06-09T08:19:43,68.9,4.47,89.18,63.76
2026-06-09T08:19:44,69.0,4.5,88.88,63.75
2026-06-09T08:19:45,69.03,4.52,85.95,63.74
2026-06-09T08:19:46,68.85,4.5,86.93,63.7
2026-06-09T08:19:47,68.82,4.47,84.43,63.67
2026-06-09T08:19:48,68.88,4.49,84.86,63.66
2026-06-09T08:19:49,68.89,4.49,83.88,63.62
2026-06-09T08:19:50,68.72,4.53,82.71,63.59
2026-06-09T08:19:51,68.79,4.51,83.65,63.61
2026-06-09T08:19:52,68.93,4.5,82.95,63.62
2026-06-09T08:19:53,68.94,4.46,84.28,63.58
2026-06-09T08:19:54,68.82,4.46,83.44,63.59
2026-06-09T08:19:55,68.93,4.5,84.87,63.62
2026-06-09T08:19:56,68.75,4.53,83.83,63.61
2026-06-09T08:19:57,68.77,4.57,82.28,63.57
2026-06-09T08:19:58,68.81,4.55,84.86,63.6
2026-06-09T08:19:59,69.0,4.55,87.77,63.57
2026-06-09T08:20:00,69.02,4.52,85.26,63.62
2026-06-09T08:20:01,69.2,4.47,85.49,63.64
2026-06-09T08:20:02,69.02,4.47,86.2,63.65
2026-06-09T08:20:03,69.03,4.52,85.25,63.62
2026-06-09T08:20:04,68.98,4.57,87.94,63.61
2026-06-09T08:20:05,69.18,4.59,90.02,63.58
2026-06-09T08:20:06,69.35,4.62,88.08,63.54
2026-06-09T08:20:07,69.26,4.59,88.79,63.54
2026-06-09T08:20:08,69.14,4.59,87.0,63.51
2026-06-09T08:20:09,69.11,4.57,86.04,63.49
2026-06-09T08:20:10,69.25,4.52,87.48,63.5
2026-06-09T08:20:11,69.38,4.51,89.61,63.55
2026-06-09T08:20:12,69.57,4.55,91.47,63.52
2026-06-09T08:20:13,69.61,4.6,90.38,63.52
2026-06-09T08:20:14,69.58,4.63,87.76,63.56
2026-06-09T08:20:15,69.48,4.66,85.57,63.54
2026-06-09T08:20:16,69.61,4.62,82.69,63.52
2026-06-09T08:20:17,69.51,4.67,82.93,63.49
2026-06-09T08:20:18,69.69,4.66,81.8,63.52
2026-06-09T08:20:19,69.81,4.69,80.07,63.54
2026-06-09T08:20:20,69.62,4.71,80,63.52
2026-06-09T08:20:21,69.76,4.67,82.87,63.56
2026-06-09T08:20:22,69.82,4.67,85.48,63.59
2026-06-09T08:20:23,69.95,4.64,85.54,63.55
2026-06-09T08:20:24,70.1,4.62,83.23,63.58
2026-06-09T08:20:25,70.29,4.61,86.22,63.56
2026-06-09T08:20:26,70.19,4.61,86.21,63.56
2026-06-09T08:20:27,70.08,4.64,87.2,63.56
2026-06-09T08:20:28,69.89,4.61,89.66,63.59
2026-06-09T08:20:29,69.86,4.57,89.32,63.63
2026-06-09T08:20:30,69.81,4.58,90.46,63.64
2026-06-09T08:20:31,69.96,4.58,88.38,63.65
2026-06-09T08:20:32,70.07,4.55,88.21,63.61
2026-06-09T08:20:33,69.98,4.54,86.38,63.66
2026-06-09T08:20:34,69.93,4.49,84.61,63.65
2026-06-09T08:20:35,70.02,4.51,85.59,63.65
2026-06-09T08:20:36,69.84,4.56,86.24,63.63
2026-06-09T08:20:37,69.86,4.54,83.93,63.62
2026-06-09T08:20:38,70.05,4.52,81.95,63.65
2026-06-09T08:20:39,69.98,4.55,82.96,63.68
2026-06-09T08:20:40,69.95,4.51,80.63,63.72
2026-06-09T08:20:41,69.96,4.53,80,63.68
2026-06-09T08:20:42,69.92,4.51,80,63.66
2026-06-09T08:20:43,69.92,4.52,81.71,63.7
2026-06-09T08:20:44,70.05,4.5,80,63.72
2026-06-09T08:20:45,70.22,4.49,81.81,63.71
2026-06-09T08:20:46,70.24,4.48,80.9,63.71
2026-06-09T08:20:47,70.42,4.51,82.8,63.71
2026-06-09T08:20:48,70.54,4.47,83.32,63.69
2026-06-09T08:20:49,70.46,4.51,80.37,63.71
2026-06-09T08:20:50,70.28,4.49,83.11,63.73
2026-06-09T08:20:51,70.38,4.49,85.73,63.77
2026-06-09T08:20:52,70.36,4.47,83.17,63.82
2026-06-09T08:20:53,70.41,4.49,80.38,63.85
2026-06-09T08:20:54,70.59,4.48,82.37,63.82
2026-06-09T08:20:55,70.55,4.52,84.55,63.86
2026-06-09T08:20:56,70.44,4.53,81.74,63.81
2026-06-09T08:20:57,70.38,4.53,82.17,63.83
2026-06-09T08:20:58,70.21,4.49,83.75,63.87
2026-06-09T08:20:59,70.21,4.52,85.75,63.9
2026-06-09T08:21:00,70.04,4.53,86.84,63.87
2026-06-09T08:21:01,70.14,4.49,85.85,63.85
2026-06-09T08:21:02,70.11,4.51,85.12,63.85
2026-06-09T08:21:03,69.96,4.48,82.55,63.84
2026-06-09T08:21:04,69.9,4.44,84.94,63.87
2026-06-09T08:21:05,69.79,4.46,87.18,63.89
2026-06-09T08:21:06,69.88,4.44,88.98,63.85
2026-06-09T08:21:07,69.84,4.45,91.2,63.8
2026-06-09T08:21:08,69.71,4.47,89.26,63.85
2026-06-09T08:21:09,69.79,4.51,90.29,63.8
2026-06-09T08:21:10,69.87,4.54,92.51,63.78
2026-06-09T08:21:11,70.03,4.59,89.82,63.78
2026-06-09T08:21:12,69.86,4.56,89.73,63.8
2026-06-09T08:21:13,70.03,4.58,88.01,63.8
2026-06-09T08:21:14,69.99,4.59,90.78,63.79
2026-06-09T08:21:15,70.04,4.62,90.65,63.78
2026-06-09T08:21:16,70.17,4.66,93.06,63.83
2026-06-09T08:21:17,70.02,4.7,95.36,63.82
2026-06-09T08:21:18,70.09,4.69,96.16,63.8
2026-06-09T08:21:19,69.95,4.73,97.11,63.75
2026-06-09T08:21:20,70.05,4.75,99.88,63.78
2026-06-09T08:21:21,70.18,4.79,98.71,63.76
2026-06-09T08:21:22,70.11,4.83,101.57,63.8
2026-06-09T08:21:23,69.98,4.85,101.52,63.76
2026-06-09T08:21:24,69.98,4.87,101.0,63.81
2026-06-09T08:21:25,69.89,4.88,102.84,63.78
2026-06-09T08:21:26,70.0,4.86,100.26,63.83
2026-06-09T08:21:27,69.83,4.89,101.26,63.86
2026-06-09T08:21:28,69.65,4.94,102.11,63.88
2026-06-09T08:21:29,69.55,4.98,102.39,63.92
2026-06-09T08:21:30,69.45,4.94,103.63,63.89
2026-06-09T08:21:31,69.34,4.93,103.62,63.91
2026-06-09T08:21:32,69.27,4.97,101.23,63.88
2026-06-09T08:21:33,69.08,4.96,100.9,63.88
2026-06-09T08:21:34,69.27,4.94,98.29,63.84
2026-06-09T08:21:35,69.43,4.95,100.61,63.87
2026-06-09T08:21:36,69.61,4.93,99.76,63.83
2026-06-09T08:21:37,69.55,4.92,99.57,63.87
2026-06-09T08:21:38,69.7,4.89,97.53,63.86
2026-06-09T08:21:39,69.72,4.93,97.58,63.9
2026-06-09T08:21:40,69.67,4.92,100.38,63.88
2026-06-09T08:21:41,69.49,4.97,102.87,63.86
2026-06-09T08:21:42,69.54,4.99,105.54,63.86
2026-06-09T08:21:43,69.59,5.03,105.15,63.86
2026-06-09T08:21:44,69.59,4.99,103.9,63.9
2026-06-09T08:21:45,69.72,5.0,103.73,63.93
2026-06-09T08:21:46,69.81,5.04,102.89,63.88
2026-06-09T08:21:47,69.97,5.02,100.79,63.89
2026-06-09T08:21:48,70.09,5.05,98.49,63.88
2026-06-09T08:21:49,70.22,5.02,97.07,63.9
2026-06-09T08:21:50,70.21,5.06,99.71,63.93
2026-06-09T08:21:51,70.41,5.02,100.31,63.95
2026-06-09T08:21:52,70.42,5.0,98.64,63.97
2026-06-09T08:21:53,70.26,5.04,98.14,63.99
2026-06-09T08:21:54,70.46,5.0,97.32,64.0
2026-06-09T08:21:55,70.31,4.99,96.69,64.03
2026-06-09T08:21:56,70.34,4.94,96.46,64.07
2026-06-09T08:21:57,70.41,4.97,93.63,64.07
2026-06-09T08:21:58,70.46,4.97,92.27,64.06
2026-06-09T08:21:59,70.35,4.97,93.71,64.04
2026-06-09T08:22:00,70.54,4.95,92.11,63.99
2026-06-09T08:22:01,70.62,4.95,92.02,64.01
2026-06-09T08:22:02,70.74,4.92,89.39,64.05
2026-06-09T08:22:03,70.65,4.93,88.05,64.1
2026-06-09T08:22:04,70.46,4.89,89.85,64.1
2026-06-09T08:22:05,70.34,4.87,91.33,64.07
2026-06-09T08:22:06,70.25,4.9,90.95,64.04
2026-06-09T08:22:07,70.29,4.86,88.36,64.04
2026-06-09T08:22:08,70.28,4.85,88.61,64.06
2026-06-09T08:22:09,70.36,4.84,88.02,64.06
2026-06-09T08:22:10,70.33,4.88,85.59,64.05
2026-06-09T08:22:11,70.14,4.85,84.91,64.01
2026-06-09T08:22:12,69.95,4.86,86.38,64.05
2026-06-09T08:22:13,70.13,4.85,87.19,64.04
2026-06-09T08:22:14,70.3,4.86,87.91,64.02
2026-06-09T08:22:15,70.32,4.85,88.6,64.04
2026-06-09T08:22:16,70.38,4.84,87.94,64.01
2026-06-09T08:22:17,70.51,4.88,90.72,63.98
2026-06-09T08:22:18,70.47,4.86,90.47,63.97
2026-06-09T08:22:19,70.28,4.85,90.93,64.0
2026-06-09T08:22:20,70.26,4.86,93.5,64.0
2026-06-09T08:22:21,70.18,4.87,94.81,64.05
2026-06-09T08:22:22,70.04,4.85,96.3,64.09
2026-06-09T08:22:23,70.1,4.88,97.76,64.08
2026-06-09T08:22:24,70.15,4.86,98.27,64.13
2026-06-09T08:22:25,70.18,4.83,99.02,64.17
2026-06-09T08:22:26,70.17,4.86,101.31,64.13
2026-06-09T08:22:27,70.01,4.85,101.47,64.18
2026-06-09T08:22:28,70.03,4.87,102.59,64.23
2026-06-09T08:22:29,70.12,4.84,102.67,64.25
2026-06-09T08:22:30,69.95,4.87,102.32,64.29
2026-06-09T08:22:31,70.09,4.87,104.81,64.24
2026-06-09T08:22:32,70.25,4.84,102.04,64.28
2026-06-09T08:22:33,70.08,4.86,104.97,64.31
2026-06-09T08:22:34,70.17,4.9,107.48,64.31
2026-06-09T08:22:35,70.22,4.92,104.98,64.29
2026-06-09T08:22:36,70.29,4.93,104.7,64.28
2026-06-09T08:22:37,70.29,4.95,105.63,64.31
2026-06-09T08:22:38,70.12,4.99,103.61,64.26
2026-06-09T08:22:39,69.96,5.03,104.69,64.26
2026-06-09T08:22:40,69.96,5.07,105.72,64.27
2026-06-09T08:22:41,69.93,5.03,104.15,64.24
2026-06-09T08:22:42,69.8,5.03,101.19,64.19
2026-06-09T08:22:43,69.96,4.98,101.56,64.19
2026-06-09T08:22:44,69.99,4.94,99.94,64.18
2026-06-09T08:22:45,69.93,4.93,101.04,64.18
2026-06-09T08:22:46,70.06,4.88,100.5,64.14
2026-06-09T08:22:47,69.89,4.9,101.79,64.14
2026-06-09T08:22:48,70.0,4.89,100.59,64.15
2026-06-09T08:22:49,70.05,4.93,99.64,64.11
2026-06-09T08:22:50,69.93,4.92,101.99,64.13
2026-06-09T08:22:51,70.0,4.88,103.63,64.08
2026-06-09T08:22:52,70.18,4.86,103.7,64.11
2026-06-09T08:22:53,70.0,4.89,102.51,64.16
2026-06-09T08:22:54,70.02,4.86,100.57,64.15
2026-06-09T08:22:55,70.12,4.85,98.07,64.15
2026-06-09T08:22:56,70.01,4.86,97.63,64.15
2026-06-09T08:22:57,69.87,4.84,99.54,64.11
2026-06-09T08:22:58,70.05,4.83,100.11,64.08
2026-06-09T08:22:59,69.91,4.8,102.75,64.03
2026-06-09T08:23:00,69.73,4.76,103.39,64.06
2026-06-09T08:23:01,69.6,4.77,105.86,64.06
2026-06-09T08:23:02,69.6,4.75,103.82,64.11
2026-06-09T08:23:03,69.55,4.8,103.09,64.07
2026-06-09T08:23:04,69.67,4.84,104.67,64.03
2026-06-09T08:23:05,69.62,4.82,101.94,64.02
2026-06-09T08:23:06,69.66,4.81,100.87,64.02
2026-06-09T08:23:07,69.76,4.83,101.41,64.04
2026-06-09T08:23:08,69.91,4.88,99.91,64.02
2026-06-09T08:23:09,69.77,4.86,97.99,63.98
2026-06-09T08:23:10,69.92,4.88,97.52,64.0
2026-06-09T08:23:11,69.79,4.9,95.5,64.0
2026-06-09T08:23:12,69.77,4.88,92.61,64.02
2026-06-09T08:23:13,69.77,4.85,91.8,64.05
2026-06-09T08:23:14,69.6,4.85,92.71,64.03
2026-06-09T08:23:15,69.79,4.85,92.98,64.05
2026-06-09T08:23:16,69.82,4.82,90.38,64.01
2026-06-09T08:23:17,69.8,4.84,87.62,64.01
2026-06-09T08:23:18,69.82,4.8,89.54,64.04
2026-06-09T08:23:19,69.65,4.83,89.45,64.01
2026-06-09T08:23:20,69.69,4.86,89.47,63.99
2026-06-09T08:23:21,69.78,4.85,87.22,63.99
2026-06-09T08:23:22,69.68,4.85,89.01,64.01
2026-06-09T08:23:23,69.68,4.82,88.24,64.02
2026-06-09T08:23:24,69.77,4.8,88.61,64.0
2026-06-09T08:23:25,69.6,4.83,89.36,63.97
2026-06-09T08:23:26,69.79,4.85,91.33,64.0
2026-06-09T08:23:27,69.68,4.85,93.23,63.99
2026-06-09T08:23:28,69.76,4.82,92.67,63.95
2026-06-09T08:23:29,69.9,4.86,92.0,63.9
2026-06-09T08:23:30,70.05,4.84,93.91,63.85
2026-06-09T08:23:31,70.18,4.81,95.04,63.87
2026-06-09T08:23:32,70.09,4.79,96.91,63.84
2026-06-09T08:23:33,69.97,4.81,94.75,63.85
2026-06-09T08:23:34,69.95,4.83,96.78,63.85
2026-06-09T08:23:35,69.87,4.83,97.76,63.8
2026-06-09T08:23:36,70.02,4.81,96.65,63.82
2026-06-09T08:23:37,70.01,4.78,96.52,63.85
2026-06-09T08:23:38,69.99,4.76,94.81,63.84
2026-06-09T08:23:39,70.09,4.73,96.77,63.86
2026-06-09T08:23:40,70.19,4.78,96.33,63.82
2026-06-09T08:23:41,70.08,4.75,97.41,63.8
2026-06-09T08:23:42,70.15,4.71,100.37,63.78
2026-06-09T08:23:43,70.09,4.73,97.85,63.75
2026-06-09T08:23:44,70.18,4.7,97.33,63.73
2026-06-09T08:23:45,70.23,4.7,95.23,63.69
2026-06-09T08:23:46,70.3,4.69,95.22,63.69
2026-06-09T08:23:47,70.32,4.71,96.69,63.68
2026-06-09T08:23:48,70.48,4.69,99.5,63.71
2026-06-09T08:23:49,70.68,4.68,100.96,63.69
2026-06-09T08:23:50,70.81,4.65,98.12,63.72
2026-06-09T08:23:51,70.73,4.62,98.13,63.76
2026-06-09T08:23:52,70.53,4.65,100.95,63.76
2026-06-09T08:23:53,70.44,4.63,102.45,63.78
2026-06-09T08:23:54,70.32,4.67,103.27,63.79
2026-06-09T08:23:55,70.35,4.63,103.82,63.74
2026-06-09T08:23:56,70.49,4.67,100.85,63.7
2026-06-09T08:23:57,70.57,4.66,99.49,63.68
2026-06-09T08:23:58,70.44,4.69,98.64,63.71
2026-06-09T08:23:59,70.64,4.68,99.38,63.76
2026-06-09T08:24:00,70.82,4.65,100.02,63.75
2026-06-09T08:24:01,70.9,4.68,102.79,63.74
2026-06-09T08:24:02,71.07,4.72,102.79,63.71
2026-06-09T08:24:03,70.89,4.73,104.63,63.72
2026-06-09T08:24:04,71.06,4.73,102.78,63.71
2026-06-09T08:24:05,71.23,4.7,103.15,63.67
2026-06-09T08:24:06,71.32,4.7,101.96,63.7
2026-06-09T08:24:07,71.24,4.74,99.43,63.75
2026-06-09T08:24:08,71.05,4.73,98.0,63.78
2026-06-09T08:24:09,71.1,4.78,98.92,63.8
2026-06-09T08:24:10,70.93,4.82,101.57,63.78
2026-06-09T08:24:11,70.93,4.8,102.95,63.83
2026-06-09T08:24:12,71.02,4.83,105.81,63.86
2026-06-09T08:24:13,71.2,4.84,106.44,63.86
2026-06-09T08:24:14,71.33,4.87,104.13,63.91
2026-06-09T08:24:15,71.37,4.83,101.98,63.89
2026-06-09T08:24:16,71.22,4.81,101.23,63.84
2026-06-09T08:24:17,71.14,4.78,101.22,63.84
2026-06-09T08:24:18,71.08,4.78,101.29,63.87
2026-06-09T08:24:19,70.94,4.81,100.98,63.83
2026-06-09T08:24:20,70.92,4.79,102.05,63.78
2026-06-09T08:24:21,70.83,4.78,100.27,63.8
2026-06-09T08:24:22,70.9,4.75,102.65,63.79
2026-06-09T08:24:23,71.07,4.7,101.49,63.79
2026-06-09T08:24:24,71.21,4.68,103.45,63.76
2026-06-09T08:24:25,71.13,4.65,103.89,63.79
2026-06-09T08:24:26,70.96,4.66,106.74,63.76
2026-06-09T08:24:27,70.82,4.69,109.12,63.72
2026-06-09T08:24:28,70.62,4.68,108.25,63.7
2026-06-09T08:24:29,70.55,4.63,105.92,63.74
2026-06-09T08:24:30,70.52,4.6,105.98,63.75
2026-06-09T08:24:31,70.43,4.64,108.77,63.79
2026-06-09T08:24:32,70.24,4.65,106.78,63.74
2026-06-09T08:24:33,70.26,4.63,105.8,63.73
2026-06-09T08:24:34,70.34,4.67,107.06,63.69
2026-06-09T08:24:35,70.51,4.7,109.29,63.7
2026-06-09T08:24:36,70.67,4.68,111.59,63.66
2026-06-09T08:24:37,70.77,4.65,114.1,63.68
2026-06-09T08:24:38,70.59,4.69,112.43,63.67
2026-06-09T08:24:39,70.72,4.64,112.18,63.66
2026-06-09T08:24:40,70.58,4.67,112.17,63.67
2026-06-09T08:24:41,70.6,4.69,115.04,63.62
2026-06-09T08:24:42,70.49,4.69,116.89,63.59
2026-06-09T08:24:43,70.36,4.72,117.81,63.6
2026-06-09T08:24:44,70.48,4.72,117.5,63.64
2026-06-09T08:24:45,70.65,4.73,115.38,63.67
2026-06-09T08:24:46,70.47,4.72,115.36,63.65
2026-06-09T08:24:47,70.4,4.72,117.1,63.64
2026-06-09T08:24:48,70.34,4.72,115.98,63.67
2026-06-09T08:24:49,70.2,4.77,118.42,63.7
2026-06-09T08:24:50,70.19,4.8,118.11,63.7
2026-06-09T08:24:51,70.18,4.82,116.65,63.7
2026-06-09T08:24:52,70.12,4.85,113.95,63.68
2026-06-09T08:24:53,69.95,4.84,113.46,63.72
2026-06-09T08:24:54,69.93,4.85,113.24,63.76
2026-06-09T08:24:55,69.93,4.86,115.14,63.74
2026-06-09T08:24:56,70.01,4.86,112.34,63.74
2026-06-09T08:24:57,69.85,4.83,114.66,63.75
2026-06-09T08:24:58,69.9,4.82,115.92,63.75
2026-06-09T08:24:59,69.75,4.82,113.2,63.72
2026-06-09T08:25:00,69.57,4.82,111.1,63.74
2026-06-09T08:25:01,69.48,4.83,112.61,63.77
2026-06-09T08:25:02,69.5,4.78,109.95,63.73
2026-06-09T08:25:03,69.62,4.79,112.78,63.7
2026-06-09T08:25:04,69.43,4.78,113.13,63.73
2026-06-09T08:25:05,69.37,4.78,111.06,63.72
2026-06-09T08:25:06,69.51,4.74,112.38,63.71
2026-06-09T08:25:07,69.32,4.69,111.91,63.74
2026-06-09T08:25:08,69.15,4.71,110.16,63.76
2026-06-09T08:25:09,69.12,4.69,108.14,63.72
2026-06-09T08:25:10,69.26,4.65,109.43,63.67
2026-06-09T08:25:11,69.26,4.67,107.08,63.63
2026-06-09T08:25:12,69.06,4.65,108.28,63.64
2026-06-09T08:25:13,69.16,4.63,106.92,63.61
2026-06-09T08:25:14,69.32,4.61,109.21,63.62
2026-06-09T08:25:15,69.19,4.63,108.72,63.62
2026-06-09T08:25:16,69.29,4.65,110.65,63.61
2026-06-09T08:25:17,69.23,4.64,113.58,63.62
2026-06-09T08:25:18,69.21,4.67,113.55,63.6
2026-06-09T08:25:19,69.23,4.67,113.74,63.6
2026-06-09T08:25:20,69.34,4.67,115.01,63.65
2026-06-09T08:25:21,69.49,4.69,116.76,63.61
2026-06-09T08:25:22,69.64,4.71,118.64,63.56
2026-06-09T08:25:23,69.59,4.74,118.83,63.55
2026-06-09T08:25:24,69.42,4.76,120.63,63.58
2026-06-09T08:25:25,69.35,4.75,123.32,63.53
2026-06-09T08:25:26,69.45,4.78,123.95,63.57
2026-06-09T08:25:27,69.51,4.82,126.11,63.59
2026-06-09T08:25:28,69.69,4.87,124.47,63.62
2026-06-09T08:25:29,69.76,4.91,122.96,63.57
2026-06-09T08:25:30,69.58,4.94,121.11,63.61
2026-06-09T08:25:31,69.68,4.97,123.04,63.63
2026-06-09T08:25:32,69.51,4.92,124.71,63.61
2026-06-09T08:25:33,69.54,4.88,122.99,63.65
2026-06-09T08:25:34,69.45,4.88,125.06,63.64
2026-06-09T08:25:35,69.47,4.9,125.87,63.62
2026-06-09T08:25:36,69.54,4.95,126.76,63.6
2026-06-09T08:25:37,69.74,4.97,126.09,63.64
2026-06-09T08:25:38,69.59,4.94,123.5,63.6
2026-06-09T08:25:39,69.47,4.96,121.78,63.64
2026-06-09T08:25:40,69.61,5.0,123.12,63.59
2026-06-09T08:25:41,69.59,5.0,125.26,63.63
2026-06-09T08:25:42,69.71,5.04,126.2,63.62
2026-06-09T08:25:43,69.79,5.08,126.45,63.67
2026-06-09T08:25:44,69.85,5.12,127.88,63.63
2026-06-09T08:25:45,69.66,5.13,130.83,63.64
2026-06-09T08:25:46,69.5,5.16,130.55,63.64
2026-06-09T08:25:47,69.56,5.12,127.94,63.65
2026-06-09T08:25:48,69.74,5.16,127.72,63.62
2026-06-09T08:25:49,69.9,5.16,125.55,63.61
2026-06-09T08:25:50,69.81,5.15,127.61,63.62
2026-06-09T08:25:51,69.68,5.12,129.71,63.59
2026-06-09T08:25:52,69.86,5.17,130.42,63.58
2026-06-09T08:25:53,69.92,5.18,129.36,63.6
2026-06-09T08:25:54,69.92,5.22,128.03,63.59
2026-06-09T08:25:55,69.78,5.2,129.22,63.6
2026-06-09T08:25:56,69.83,5.15,132.07,63.64
2026-06-09T08:25:57,69.94,5.15,131.59,63.63
2026-06-09T08:25:58,69.88,5.11,129.49,63.63
2026-06-09T08:25:59,69.72,5.11,129.7,63.59
2026-06-09T08:26:00,69.6,5.14,130.15,63.64
2026-06-09T08:26:01,69.6,5.18,132.79,63.61
2026-06-09T08:26:02,69.63,5.23,131.23,63.59
2026-06-09T08:26:03,69.82,5.27,129.31,63.63
2026-06-09T08:26:04,69.64,5.26,130.23,63.67
2026-06-09T08:26:05,69.62,5.29,131.5,63.66
2026-06-09T08:26:06,69.44,5.27,131.99,63.68
2026-06-09T08:26:07,69.54,5.26,133.75,63.69
2026-06-09T08:26:08,69.54,5.3,136.59,63.67
2026-06-09T08:26:09,69.6,5.26,134.59,63.7
2026-06-09T08:26:10,69.75,5.26,133.39,63.66
2026-06-09T08:26:11,69.88,5.3,135.4,63.7
2026-06-09T08:26:12,69.83,5.34,134.26,63.69
2026-06-09T08:26:13,69.7,5.36,134.44,63.65
2026-06-09T08:26:14,69.85,5.4,133.02,63.65
2026-06-09T08:26:15,69.73,5.38,131.04,63.69
2026-06-09T08:26:16,69.57,5.33,129.43,63.72
2026-06-09T08:26:17,69.74,5.35,129.45,63.67
2026-06-09T08:26:18,69.77,5.38,128.62,63.67
2026-06-09T08:26:19,69.77,5.35,128.39,63.63
2026-06-09T08:26:20,69.59,5.31,128.58,63.61
2026-06-09T08:26:21,69.67,5.34,128.94,63.58
2026-06-09T08:26:22,69.6,5.31,130.31,63.54
2026-06-09T08:26:23,69.53,5.31,131.29,63.5
2026-06-09T08:26:24,69.49,5.32,130.05,63.5
2026-06-09T08:26:25,69.44,5.32,130.32,63.46
2026-06-09T08:26:26,69.39,5.3,132.87,63.49
2026-06-09T08:26:27,69.34,5.27,130.56,63.46
2026-06-09T08:26:28,69.45,5.28,129.95,63.51
2026-06-09T08:26:29,69.52,5.29,127.04,63.5
2026-06-09T08:26:30,69.51,5.26,125.01,63.53
2026-06-09T08:26:31,69.36,5.26,124.45,63.57
2026-06-09T08:26:32,69.38,5.3,122.13,63.53
2026-06-09T08:26:33,69.35,5.31,122.69,63.56
2026-06-09T08:26:34,69.17,5.34,120.64,63.6
2026-06-09T08:26:35,69.27,5.35,121.29,63.63
2026-06-09T08:26:36,69.28,5.36,120.79,63.59
2026-06-09T08:26:37,69.11,5.37,121.56,63.54
2026-06-09T08:26:38,68.97,5.36,123.74,63.52
2026-06-09T08:26:39,68.86,5.35,122.11,63.53
2026-06-09T08:26:40,68.99,5.38,122.74,63.57
2026-06-09T08:26:41,69.19,5.39,123.64,63.56
2026-06-09T08:26:42,69.12,5.38,125.34,63.54
2026-06-09T08:26:43,68.99,5.39,126.03,63.5
2026-06-09T08:26:44,68.98,5.37,128.3,63.45
2026-06-09T08:26:45,68.94,5.4,126.67,63.5
2026-06-09T08:26:46,69.08,5.39,125.51,63.5
2026-06-09T08:26:47,69.22,5.42,124.94,63.52
2026-06-09T08:26:48,69.16,5.39,122.89,63.56
2026-06-09T08:26:49,69.34,5.41,122.29,63.59
2026-06-09T08:26:50,69.17,5.41,119.6,63.6
2026-06-09T08:26:51,69.33,5.4,121.44,63.65
2026-06-09T08:26:52,69.43,5.36,121.8,63.62
2026-06-09T08:26:53,69.42,5.33,123.19,63.62
2026-06-09T08:26:54,69.58,5.38,123.97,63.61
2026-06-09T08:26:55,69.64,5.4,121.98,63.58
2026-06-09T08:26:56,69.67,5.44,119.17,63.54
2026-06-09T08:26:57,69.75,5.41,118.21,63.52
2026-06-09T08:26:58,69.73,5.44,118.58,63.52
2026-06-09T08:26:59,69.54,5.41,120.26,63.53
2026-06-09T08:27:00,69.55,5.39,122.4,63.55
2026-06-09T08:27:01,69.39,5.39,120.72,63.57
2026-06-09T08:27:02,69.38,5.43,119.36,63.6
2026-06-09T08:27:03,69.21,5.44,121.88,63.58
2026-06-09T08:27:04,69.31,5.45,119.84,63.55
2026-06-09T08:27:05,69.25,5.5,119.87,63.56
2026-06-09T08:27:06,69.06,5.5,117.21,63.59
2026-06-09T08:27:07,69.02,5.49,117.03,63.58
2026-06-09T08:27:08,69.0,5.54,115.25,63.54
2026-06-09T08:27:09,69.11,5.49,117.0,63.58
2026-06-09T08:27:10,69.15,5.47,115.16,63.6
2026-06-09T08:27:11,69.19,5.47,112.17,63.61
2026-06-09T08:27:12,69.03,5.49,109.66,63.57
2026-06-09T08:27:13,68.95,5.47,112.55,63.59
2026-06-09T08:27:14,68.94,5.52,113.09,63.57
2026-06-09T08:27:15,69.07,5.5,113.31,63.62
2026-06-09T08:27:16,69.27,5.47,112.88,63.66
2026-06-09T08:27:17,69.18,5.44,109.97,63.68
2026-06-09T08:27:18,69.33,5.41,112.17,63.69
2026-06-09T08:27:19,69.23,5.37,113.75,63.67
2026-06-09T08:27:20,69.32,5.39,114.68,63.69
2026-06-09T08:27:21,69.37,5.35,113.9,63.72
2026-06-09T08:27:22,69.57,5.38,113.73,63.76
2026-06-09T08:27:23,69.48,5.42,115.62,63.72
2026-06-09T08:27:24,69.6,5.41,118.21,63.69
2026-06-09T08:27:25,69.49,5.42,117.98,63.73
2026-06-09T08:27:26,69.49,5.38,120.51,63.7
2026-06-09T08:27:27,69.68,5.41,118.33,63.71
2026-06-09T08:27:28,69.78,5.39,116.92,63.69
2026-06-09T08:27:29,69.93,5.39,115.24,63.65
2026-06-09T08:27:30,69.86,5.41,115.72,63.62
2026-06-09T08:27:31,69.92,5.43,116.53,63.65
2026-06-09T08:27:32,70.08,5.4,118.09,63.66
2026-06-09T08:27:33,70.0,5.38,117.88,63.69
2026-06-09T08:27:34,69.92,5.43,115.74,63.67
2026-06-09T08:27:35,69.8,5.46,118.35,63.66
2026-06-09T08:27:36,69.6,5.47,115.93,63.71
2026-06-09T08:27:37,69.77,5.49,113.81,63.74
2026-06-09T08:27:38,69.83,5.47,114.25,63.74
2026-06-09T08:27:39,69.75,5.49,116.09,63.72
2026-06-09T08:27:40,69.79,5.48,118.15,63.68
2026-06-09T08:27:41,69.67,5.53,115.9,63.65
2026-06-09T08:27:42,69.56,5.54,114.84,63.66
2026-06-09T08:27:43,69.47,5.49,116.09,63.61
2026-06-09T08:27:44,69.35,5.47,114.83,63.64
2026-06-09T08:27:45,69.46,5.46,115.24,63.67
2026-06-09T08:27:46,69.32,5.5,114.04,63.66
2026-06-09T08:27:47,69.49,5.53,113.18,63.65
2026-06-09T08:27:48,69.68,5.55,110.66,63.61
2026-06-09T08:27:49,69.84,5.57,113.12,63.65
2026-06-09T08:27:50,69.98,5.56,113.36,63.7
2026-06-09T08:27:51,69.92,5.57,112.99,63.72
2026-06-09T08:27:52,69.77,5.55,114.57,63.77
2026-06-09T08:27:53,69.97,5.54,112.29,63.72
2026-06-09T08:27:54,70.16,5.51,110.77,63.72
2026-06-09T08:27:55,70.27,5.55,113.75,63.74
2026-06-09T08:27:56,70.09,5.59,116.34,63.78
2026-06-09T08:27:57,69.9,5.61,115.1,63.82
2026-06-09T08:27:58,69.92,5.59,114.5,63.85
2026-06-09T08:27:59,69.88,5.62,115.37,63.81
2026-06-09T08:28:00,69.92,5.59,117.96,63.85
2026-06-09T08:28:01,69.99,5.57,118.41,63.84
2026-06-09T08:28:02,70.04,5.59,121.39,63.79
2026-06-09T08:28:03,70.05,5.56,121.85,63.8
2026-06-09T08:28:04,69.93,5.55,121.32,63.77
2026-06-09T08:28:05,69.78,5.6,122.51,63.74
2026-06-09T08:28:06,69.74,5.6,123.7,63.77
2026-06-09T08:28:07,69.66,5.58,121.45,63.73
2026-06-09T08:28:08,69.66,5.56,119.1,63.77
2026-06-09T08:28:09,69.84,5.58,121.03,63.76
2026-06-09T08:28:10,70.03,5.59,122.13,63.74
2026-06-09T08:28:11,69.86,5.55,122.59,63.73
2026-06-09T08:28:12,69.82,5.57,124.54,63.78
2026-06-09T08:28:13,69.68,5.59,126.76,63.8
2026-06-09T08:28:14,69.8,5.57,128.58,63.83
2026-06-09T08:28:15,69.72,5.62,129.59,63.86
2026-06-09T08:28:16,69.81,5.66,130.51,63.9
2026-06-09T08:28:17,69.73,5.66,127.92,63.94
2026-06-09T08:28:18,69.91,5.7,129.86,63.93
2026-06-09T08:28:19,69.9,5.72,130.79,63.97
2026-06-09T08:28:20,69.73,5.71,131.39,63.93
2026-06-09T08:28:21,69.59,5.69,131.57,63.89
2026-06-09T08:28:22,69.58,5.71,133.86,63.91
2026-06-09T08:28:23,69.5,5.71,136.31,63.87
2026-06-09T08:28:24,69.57,5.76,138.99,63.83
2026-06-09T08:28:25,69.6,5.75,137.04,63.87
2026-06-09T08:28:26,69.78,5.74,137.5,63.86
2026-06-09T08:28:27,69.67,5.7,134.78,63.84
2026-06-09T08:28:28,69.52,5.71,133.45,63.85
2026-06-09T08:28:29,69.35,5.7,135.04,63.86
2026-06-09T08:28:30,69.39,5.68,134.79,63.82
2026-06-09T08:28:31,69.29,5.67,137.41,63.78
2026-06-09T08:28:32,69.26,5.64,135.22,63.83
2026-06-09T08:28:33,69.19,5.67,137.48,63.84
2026-06-09T08:28:34,69.02,5.66,140.25,63.86
2026-06-09T08:28:35,68.82,5.66,138.84,63.87
2026-06-09T08:28:36,68.99,5.65,136.35,63.88
2026-06-09T08:28:37,68.94,5.61,138.14,63.91
2026-06-09T08:28:38,68.94,5.64,139.5,63.93
2026-06-09T08:28:39,68.78,5.59,138.79,63.95
2026-06-09T08:28:40,68.96,5.54,139.32,63.97
2026-06-09T08:28:41,69.03,5.52,139.55,63.97
2026-06-09T08:28:42,69.04,5.5,137.7,63.98
2026-06-09T08:28:43,69.03,5.54,137.56,63.94
2026-06-09T08:28:44,69.09,5.52,140.46,63.96
2026-06-09T08:28:45,68.9,5.49,139.94,63.93
2026-06-09T08:28:46,68.84,5.53,140.77,63.89
2026-06-09T08:28:47,68.68,5.51,141.84,63.88
2026-06-09T08:28:48,68.87,5.53,144.4,63.89
2026-06-09T08:28:49,68.95,5.5,141.51,63.84
2026-06-09T08:28:50,68.76,5.5,143.89,63.83
2026-06-09T08:28:51,68.8,5.5,142.63,63.79
2026-06-09T08:28:52,68.87,5.53,139.8,63.84
2026-06-09T08:28:53,68.97,5.56,140.44,63.82
2026-06-09T08:28:54,68.83,5.56,138.32,63.78
2026-06-09T08:28:55,68.63,5.61,137.07,63.81
2026-06-09T08:28:56,68.76,5.64,136.88,63.82
2026-06-09T08:28:57,68.87,5.64,136.3,63.86
2026-06-09T08:28:58,68.68,5.64,134.07,63.87
2026-06-09T08:28:59,68.61,5.61,135.07,63.86
2026-06-09T08:29:00,68.76,5.59,135.35,63.86
2026-06-09T08:29:01,68.62,5.59,136.68,63.86
2026-06-09T08:29:02,68.73,5.59,138.77,63.89
2026-06-09T08:29:03,68.88,5.59,136.87,63.94
2026-06-09T08:29:04,69.0,5.64,137.75,63.93
2026-06-09T08:29:05,69.15,5.65,136.58,63.93
2026-06-09T08:29:06,69.24,5.62,133.61,63.89
2026-06-09T08:29:07,69.39,5.67,135.45,63.85
2026-06-09T08:29:08,69.34,5.71,133.37,63.82
2026-06-09T08:29:09,69.15,5.69,133.48,63.84
2026-06-09T08:29:10,69.04,5.71,130.72,63.86
2026-06-09T08:29:11,69.12,5.71,133.13,63.88
2026-06-09T08:29:12,68.96,5.72,130.96,63.9
2026-06-09T08:29:13,68.88,5.75,132.36,63.91
2026-06-09T08:29:14,68.71,5.76,133.88,63.88
2026-06-09T08:29:15,68.88,5.71,133.66,63.92
2026-06-09T08:29:16,68.71,5.71,131.3,63.9
2026-06-09T08:29:17,68.55,5.72,132.37,63.93
2026-06-09T08:29:18,68.38,5.69,131.49,63.93
2026-06-09T08:29:19,68.47,5.73,133.45,63.88
2026-06-09T08:29:20,68.38,5.7,135.91,63.85
2026-06-09T08:29:21,68.35,5.74,138.16,63.88
2026-06-09T08:29:22,68.42,5.78,135.27,63.9
2026-06-09T08:29:23,68.35,5.75,135.34,63.91
2026-06-09T08:29:24,68.44,5.74,135.96,63.88
2026-06-09T08:29:25,68.39,5.77,136.09,63.93
2026-06-09T08:29:26,68.23,5.82,137.48,63.95
2026-06-09T08:29:27,68.04,5.79,140.04,63.93
2026-06-09T08:29:28,68.04,5.78,142.88,63.89
2026-06-09T08:29:29,68.1,5.74,143.36,63.9
2026-06-09T08:29:30,68.26,5.77,140.58,63.85
2026-06-09T08:29:31,68.23,5.74,141.68,63.82
2026-06-09T08:29:32,68.4,5.72,140.63,63.79
2026-06-09T08:29:33,68.49,5.73,141.23,63.75
2026-06-09T08:29:34,68.43,5.69,143.0,63.8
2026-06-09T08:29:35,68.62,5.7,145.03,63.84
2026-06-09T08:29:36,68.51,5.7,144.83,63.87
2026-06-09T08:29:37,68.53,5.73,147.21,63.91
2026-06-09T08:29:38,68.36,5.68,145.45,63.94
2026-06-09T08:29:39,68.3,5.64,147.32,63.99
2026-06-09T08:29:40,68.39,5.64,150.29,63.96
2026-06-09T08:29:41,68.27,5.61,147.74,64.0
2026-06-09T08:29:42,68.08,5.57,144.87,64.03
2026-06-09T08:29:43,68.15,5.55,143.39,64.04
2026-06-09T08:29:44,68.05,5.52,141.01,64.01
2026-06-09T08:29:45,68.13,5.53,143.24,63.98
2026-06-09T08:29:46,68.31,5.52,145.12,63.95
2026-06-09T08:29:47,68.25,5.56,146.91,63.95
2026-06-09T08:29:48,68.22,5.53,147.75,63.98
2026-06-09T08:29:49,68.41,5.5,149.23,63.99
2026-06-09T08:29:50,68.32,5.47,149.35,64.0
2026-06-09T08:29:51,68.18,5.46,150.2,64.01
2026-06-09T08:29:52,68.37,5.42,152.9,63.96
2026-06-09T08:29:53,68.43,5.43,153.7,63.92
2026-06-09T08:29:54,68.36,5.4,156.36,63.94
2026-06-09T08:29:55,68.17,5.36,154.88,63.97
2026-06-09T08:29:56,68.08,5.38,153.26,63.99
2026-06-09T08:29:57,68.26,5.39,154.92,64.02
2026-06-09T08:29:58,68.46,5.4,155.68,64.07
2026-06-09T08:29:59,68.29,5.39,153.63,64.05
2026-06-09T08:30:00,68.19,5.36,153.9,64.05
2026-06-09T08:30:01,68.27,5.34,153.59,64.08
2026-06-09T08:30:02,68.39,5.3,151.07,64.09
2026-06-09T08:30:03,68.59,5.3,148.83,64.11
2026-06-09T08:30:04,68.71,5.33,146.21,64.15
2026-06-09T08:30:05,68.59,5.29,147.83,64.15
2026-06-09T08:30:06,68.42,5.24,150.38,64.13
2026-06-09T08:30:07,68.34,5.22,150.42,64.12
2026-06-09T08:30:08,68.16,5.19,151.69,64.13
2026-06-09T08:30:09,68.12,5.18,154.64,64.13
2026-06-09T08:30:10,68.02,5.22,157.36,64.11
2026-06-09T08:30:11,68.14,5.23,154.57,64.13
2026-06-09T08:30:12,68.3,5.2,156.4,64.1
2026-06-09T08:30:13,68.23,5.24,153.97,64.14
2026-06-09T08:30:14,68.21,5.26,156.47,64.13
2026-06-09T08:30:15,68.19,5.24,157.02,64.13
2026-06-09T08:30:16,68.12,5.2,158.84,64.16
2026-06-09T08:30:17,68.03,5.17,160,64.17
2026-06-09T08:30:18,67.88,5.2,160,64.19
2026-06-09T08:30:19,68.04,5.22,160,64.21
2026-06-09T08:30:20,67.89,5.23,160,64.24
2026-06-09T08:30:21,67.74,5.19,158.34,64.27
2026-06-09T08:30:22,67.86,5.22,156.45,64.27
2026-06-09T08:30:23,67.69,5.26,153.52,64.25
2026-06-09T08:30:24,67.83,5.28,154.34,64.29
2026-06-09T08:30:25,67.86,5.32,152.03,64.27
2026-06-09T08:30:26,67.87,5.35,154.27,64.23
2026-06-09T08:30:27,68.06,5.35,153.01,64.18
2026-06-09T08:30:28,68.03,5.36,154.04,64.15
2026-06-09T08:30:29,67.86,5.31,155.24,64.1
2026-06-09T08:30:30,67.74,5.36,153.31,64.11
2026-06-09T08:30:31,67.66,5.34,153.53,64.13
2026-06-09T08:30:32,67.76,5.38,150.91,64.11
2026-06-09T08:30:33,67.8,5.36,149.83,64.08
2026-06-09T08:30:34,67.71,5.38,151.89,64.13
2026-06-09T08:30:35,67.8,5.37,151.84,64.09
2026-06-09T08:30:36,67.87,5.36,148.91,64.14
2026-06-09T08:30:37,67.68,5.36,147.08,64.09
2026-06-09T08:30:38,67.58,5.4,147.51,64.08
2026-06-09T08:30:39,67.5,5.37,150.46,64.1
2026-06-09T08:30:40,67.52,5.38,153.01,64.08
2026-06-09T08:30:41,67.34,5.39,152.72,64.12
2026-06-09T08:30:42,67.29,5.41,153.0,64.16
2026-06-09T08:30:43,67.41,5.45,152.68,64.19
2026-06-09T08:30:44,67.34,5.42,155.33,64.21
2026-06-09T08:30:45,67.17,5.37,153.12,64.23
2026-06-09T08:30:46,67.1,5.42,154.78,64.24
2026-06-09T08:30:47,67.27,5.43,156.5,64.26
2026-06-09T08:30:48,67.3,5.39,156.55,64.26
2026-06-09T08:30:49,67.34,5.38,155.23,64.25
2026-06-09T08:30:50,67.15,5.42,157.52,64.28
2026-06-09T08:30:51,67.06,5.43,154.91,64.31
2026-06-09T08:30:52,67.13,5.47,152.76,64.31
2026-06-09T08:30:53,67.27,5.48,150.25,64.3
2026-06-09T08:30:54,67.12,5.46,149.89,64.26
2026-06-09T08:30:55,67.04,5.49,150.3,64.28
2026-06-09T08:30:56,67.19,5.5,151.87,64.32
2026-06-09T08:30:57,67.35,5.53,151.45,64.31
2026-06-09T08:30:58,67.44,5.57,151.11,64.35
2026-06-09T08:30:59,67.63,5.54,154.1,64.37
2026-06-09T08:31:00,67.76,5.5,151.46,64.39
2026-06-09T08:31:01,67.94,5.47,150.93,64.42
2026-06-09T08:31:02,67.75,5.49,153.58,64.4
2026-06-09T08:31:03,67.66,5.54,150.86,64.41
2026-06-09T08:31:04,67.54,5.52,149.84,64.41
2026-06-09T08:31:05,67.52,5.49,152.12,64.44
2026-06-09T08:31:06,67.49,5.5,152.2,64.47
2026-06-09T08:31:07,67.65,5.49,152.84,64.43
2026-06-09T08:31:08,67.66,5.47,154.26,64.46
2026-06-09T08:31:09,67.73,5.45,155.95,64.5
2026-06-09T08:31:10,67.6,5.41,157.73,64.5
2026-06-09T08:31:11,67.4,5.36,155.6,64.49
2026-06-09T08:31:12,67.58,5.34,154.13,64.48
2026-06-09T08:31:13,67.6,5.34,156.65,64.45
2026-06-09T08:31:14,67.46,5.34,158.82,64.44
2026-06-09T08:31:15,67.55,5.37,160,64.42
2026-06-09T08:31:16,67.55,5.41,157.63,64.42
2026-06-09T08:31:17,67.5,5.41,157.43,64.45
2026-06-09T08:31:18,67.47,5.42,155.68,64.44
2026-06-09T08:31:19,67.3,5.41,154.36,64.42
2026-06-09T08:31:20,67.13,5.45,154.08,64.4
2026-06-09T08:31:21,67.33,5.45,153.65,64.38
2026-06-09T08:31:22,67.39,5.49,152.64,64.41
2026-06-09T08:31:23,67.25,5.49,151.67,64.43
2026-06-09T08:31:24,67.07,5.51,149.47,64.38
2026-06-09T08:31:25,67.2,5.51,146.98,64.39
2026-06-09T08:31:26,67.21,5.5,145.61,64.39
2026-06-09T08:31:27,67.02,5.52,145.1,64.37
2026-06-09T08:31:28,67.05,5.49,146.9,64.33
2026-06-09T08:31:29,66.89,5.49,145.54,64.36
2026-06-09T08:31:30,66.9,5.5,142.64,64.35
2026-06-09T08:31:31,66.74,5.45,141.71,64.39
2026-06-09T08:31:32,66.81,5.46,143.09,64.39
2026-06-09T08:31:33,66.99,5.51,140.56,64.38
2026-06-09T08:31:34,67.13,5.51,140.72,64.39
2026-06-09T08:31:35,67.28,5.55,139.96,64.36
2026-06-09T08:31:36,67.39,5.55,139.42,64.38
2026-06-09T08:31:37,67.44,5.52,137.18,64.43
2026-06-09T08:31:38,67.58,5.55,136.22,64.45
2026-06-09T08:31:39,67.76,5.57,136.06,64.46
2026-06-09T08:31:40,67.71,5.57,133.27,64.42
2026-06-09T08:31:41,67.59,5.61,131.94,64.42
2026-06-09T08:31:42,67.41,5.6,130.01,64.41
2026-06-09T08:31:43,67.43,5.65,127.45,64.41
2026-06-09T08:31:44,67.27,5.64,128.67,64.45
2026-06-09T08:31:45,67.47,5.65,130.38,64.42
2026-06-09T08:31:46,67.62,5.64,131.28,64.37
2026-06-09T08:31:47,67.77,5.61,132.84,64.37
2026-06-09T08:31:48,67.68,5.57,131.39,64.32
2026-06-09T08:31:49,67.66,5.61,133.72,64.35
2026-06-09T08:31:50,67.7,5.61,130.93,64.36
2026-06-09T08:31:51,67.75,5.59,128.05,64.36
2026-06-09T08:31:52,67.61,5.58,128.96,64.33
2026-06-09T08:31:53,67.49,5.58,130.7,64.38
2026-06-09T08:31:54,67.51,5.62,128.7,64.39
2026-06-09T08:31:55,67.32,5.67,131.39,64.4
2026-06-09T08:31:56,67.3,5.7,131.09,64.38
2026-06-09T08:31:57,67.35,5.69,132.44,64.33
2026-06-09T08:31:58,67.41,5.68,132.23,64.34
2026-06-09T08:31:59,67.28,5.72,132.02,64.29
2026-06-09T08:32:00,67.13,5.76,134.46,64.28
2026-06-09T08:32:01,67.11,5.73,134.04,64.3
2026-06-09T08:32:02,67.26,5.76,132.11,64.34
2026-06-09T08:32:03,67.31,5.76,134.73,64.37
2026-06-09T08:32:04,67.51,5.74,136.61,64.41
2026-06-09T08:32:05,67.47,5.72,136.84,64.43
2026-06-09T08:32:06,67.47,5.74,138.39,64.45
2026-06-09T08:32:07,67.56,5.76,140.38,64.45
2026-06-09T08:32:08,67.38,5.74,138.7,64.45
2026-06-09T08:32:09,67.29,5.74,137.58,64.49
2026-06-09T08:32:10,67.36,5.74,136.29,64.47
2026-06-09T08:32:11,67.17,5.72,135.69,64.47
2026-06-09T08:32:12,67.15,5.7,136.44,64.44
2026-06-09T08:32:13,67.29,5.7,135.64,64.4
2026-06-09T08:32:14,67.46,5.7,136.4,64.41
2026-06-09T08:32:15,67.42,5.66,134.13,64.44
2026-06-09T08:32:16,67.51,5.65,135.62,64.47
2026-06-09T08:32:17,67.5,5.7,137.13,64.47
2026-06-09T08:32:18,67.44,5.71,140.07,64.5
2026-06-09T08:32:19,67.38,5.68,137.93,64.48
2026-06-09T08:32:20,67.48,5.66,136.42,64.51
2026-06-09T08:32:21,67.67,5.67,137.26,64.49
2026-06-09T08:32:22,67.53,5.65,138.9,64.53
2026-06-09T08:32:23,67.72,5.65,141.34,64.57
2026-06-09T08:32:24,67.6,5.65,139.48,64.62
2026-06-09T08:32:25,67.46,5.68,139.12,64.63
2026-06-09T08:32:26,67.55,5.71,136.63,64.67
2026-06-09T08:32:27,67.68,5.7,135.31,64.72
2026-06-09T08:32:28,67.77,5.7,133.7,64.77
2026-06-09T08:32:29,67.73,5.66,133.57,64.75
2026-06-09T08:32:30,67.72,5.68,131.74,64.72
2026-06-09T08:32:31,67.68,5.7,134.74,64.68
2026-06-09T08:32:32,67.55,5.74,134.66,64.65
2026-06-09T08:32:33,67.41,5.73,132.68,64.66
2026-06-09T08:32:34,67.56,5.75,130.69,64.69
2026-06-09T08:32:35,67.46,5.7,128.34,64.64
2026-06-09T08:32:36,67.43,5.75,129.8,64.62
2026-06-09T08:32:37,67.48,5.78,131.84,64.58
2026-06-09T08:32:38,67.44,5.8,131.26,64.63
2026-06-09T08:32:39,67.47,5.85,132.62,64.63
2026-06-09T08:32:40,67.49,5.83,129.77,64.64
2026-06-09T08:32:41,67.39,5.79,130.13,64.65
2026-06-09T08:32:42,67.27,5.75,133.02,64.7
2026-06-09T08:32:43,67.32,5.78,134.92,64.65
2026-06-09T08:32:44,67.14,5.81,135.2,64.68
2026-06-09T08:32:45,66.96,5.81,138.09,64.67
2026-06-09T08:32:46,67.15,5.79,136.15,64.7
2026-06-09T08:32:47,67.14,5.82,137.54,64.74
2026-06-09T08:32:48,67.32,5.82,137.26,64.78
2026-06-09T08:32:49,67.37,5.79,138.36,64.76
2026-06-09T08:32:50,67.34,5.76,137.72,64.79
2026-06-09T08:32:51,67.23,5.74,138.27,64.77
2026-06-09T08:32:52,67.16,5.71,136.09,64.76
2026-06-09T08:32:53,67.18,5.74,137.43,64.73
2026-06-09T08:32:54,67.23,5.79,136.52,64.7
2026-06-09T08:32:55,67.09,5.81,138.89,64.68
2026-06-09T08:32:56,67.09,5.78,136.22,64.64
2026-06-09T08:32:57,66.98,5.74,134.22,64.6
2026-06-09T08:32:58,67.08,5.75,134.33,64.63
2026-06-09T08:32:59,67.26,5.72,134.75,64.64
2026-06-09T08:33:00,67.2,5.69,135.76,64.66
2026-06-09T08:33:01,67.29,5.65,136.55,64.67
2026-06-09T08:33:02,67.15,5.7,137.48,64.64
2026-06-09T08:33:03,67.28,5.69,138.46,64.64
2026-06-09T08:33:04,67.18,5.7,138.58,64.65
2026-06-09T08:33:05,67.24,5.68,136.36,64.6
2026-06-09T08:33:06,67.42,5.66,133.77,64.56
2026-06-09T08:33:07,67.46,5.69,135.62,64.61
2026-06-09T08:33:08,67.54,5.65,134.3,64.63
2026-06-09T08:33:09,67.69,5.65,131.37,64.62
2026-06-09T08:33:10,67.68,5.7,128.65,64.64
2026-06-09T08:33:11,67.86,5.66,127.41,64.64
2026-06-09T08:33:12,67.84,5.63,127.55,64.65
2026-06-09T08:33:13,67.89,5.6,126.73,64.63
2026-06-09T08:33:14,68.05,5.58,125.72,64.62
2026-06-09T08:33:15,68.23,5.57,124.49,64.6
2026-06-09T08:33:16,68.39,5.53,123.42,64.57
2026-06-09T08:33:17,68.38,5.52,125.57,64.61
2026-06-09T08:33:18,68.26,5.51,126.52,64.66
2026-06-09T08:33:19,68.3,5.52,127.12,64.71
2026-06-09T08:33:20,68.4,5.47,129.55,64.67
2026-06-09T08:33:21,68.56,5.51,127.05,64.69
2026-06-09T08:33:22,68.49,5.51,127.82,64.66
2026-06-09T08:33:23,68.38,5.49,130.38,64.65
2026-06-09T08:33:24,68.5,5.5,131.59,64.63
2026-06-09T08:33:25,68.41,5.51,132.03,64.65
2026-06-09T08:33:26,68.37,5.46,133.96,64.65
2026-06-09T08:33:27,68.5,5.47,131.05,64.62
2026-06-09T08:33:28,68.69,5.48,131.65,64.58
2026-06-09T08:33:29,68.55,5.52,130.77,64.56
2026-06-09T08:33:30,68.39,5.56,127.9,64.57
2026-06-09T08:33:31,68.21,5.52,127.34,64.56
2026-06-09T08:33:32,68.08,5.49,125.64,64.6
2026-06-09T08:33:33,68.21,5.5,128.35,64.58
2026-06-09T08:33:34,68.2,5.54,130.61,64.55
2026-06-09T08:33:35,68.23,5.58,130.05,64.58
2026-06-09T08:33:36,68.42,5.57,131.65,64.59
2026-06-09T08:33:37,68.54,5.59,129.76,64.57
2026-06-09T08:33:38,68.47,5.63,129.0,64.56
2026-06-09T08:33:39,68.49,5.62,126.64,64.57
2026-06-09T08:33:40,68.32,5.64,128.91,64.58
2026-06-09T08:33:41,68.41,5.64,128.96,64.59
2026-06-09T08:33:42,68.56,5.6,126.33,64.55
2026-06-09T08:33:43,68.68,5.6,124.48,64.52
2026-06-09T08:33:44,68.78,5.58,124.28,64.5
2026-06-09T08:33:45,68.76,5.58,123.11,64.48
2026-06-09T08:33:46,68.93,5.56,120.26,64.46
2026-06-09T08:33:47,68.76,5.53,121.54,64.42
2026-06-09T08:33:48,68.77,5.58,122.06,64.38
2026-06-09T08:33:49,68.74,5.54,122.71,64.34
2026-06-09T08:33:50,68.88,5.53,122.77,64.38
2026-06-09T08:33:51,68.99,5.49,125.65,64.4
2026-06-09T08:33:52,68.92,5.53,126.44,64.38
2026-06-09T08:33:53,69.11,5.54,126.52,64.36
2026-06-09T08:33:54,69.26,5.51,125.57,64.39
2026-06-09T08:33:55,69.43,5.53,128.32,64.43
2026-06-09T08:33:56,69.6,5.54,127.12,64.46
2026-06-09T08:33:57,69.47,5.5,128.18,64.43
2026-06-09T08:33:58,69.66,5.48,130.86,64.41
2026-06-09T08:33:59,69.61,5.53,132.28,64.44
2026-06-09T08:34:00,69.72,5.51,133.81,64.42
2026-06-09T08:34:01,69.76,5.52,135.48,64.44
2026-06-09T08:34:02,69.59,5.5,134.38,64.45
2026-06-09T08:34:03,69.63,5.51,136.96,64.44
2026-06-09T08:34:04,69.74,5.49,136.6,64.49
2026-06-09T08:34:05,69.93,5.45,134.88,64.47
2026-06-09T08:34:06,69.74,5.43,133.39,64.5
2026-06-09T08:34:07,69.71,5.41,135.83,64.53
2026-06-09T08:34:08,69.79,5.41,134.42,64.53
2026-06-09T08:34:09,69.84,5.46,131.53,64.5
2026-06-09T08:34:10,69.65,5.48,130.78,64.45
2026-06-09T08:34:11,69.75,5.51,131.19,64.48
2026-06-09T08:34:12,69.77,5.52,132.24,64.45
2026-06-09T08:34:13,69.7,5.51,132.06,64.45
2026-06-09T08:34:14,69.72,5.51,134.42,64.43
2026-06-09T08:34:15,69.76,5.47,135.57,64.4
2026-06-09T08:34:16,69.7,5.47,133.14,64.36
2026-06-09T08:34:17,69.82,5.51,136.05,64.39
2026-06-09T08:34:18,69.76,5.56,133.2,64.41
2026-06-09T08:34:19,69.88,5.59,132.99,64.36
2026-06-09T08:34:20,69.79,5.55,133.49,64.37
2026-06-09T08:34:21,69.62,5.56,131.72,64.41
2026-06-09T08:34:22,69.47,5.59,131.66,64.45
2026-06-09T08:34:23,69.49,5.55,133.98,64.42
2026-06-09T08:34:24,69.39,5.52,133.35,64.42
2026-06-09T08:34:25,69.48,5.5,131.33,64.46
2026-06-09T08:34:26,69.53,5.49,128.49,64.43
2026-06-09T08:34:27,69.52,5.47,127.67,64.4
2026-06-09T08:34:28,69.63,5.47,126.34,64.4
2026-06-09T08:34:29,69.77,5.46,126.74,64.36
2026-06-09T08:34:30,69.92,5.48,124.89,64.39
2026-06-09T08:34:31,69.83,5.43,123.49,64.37
2026-06-09T08:34:32,69.72,5.41,126.25,64.38
2026-06-09T08:34:33,69.6,5.45,129.2,64.39
2026-06-09T08:34:34,69.55,5.43,126.4,64.36
2026-06-09T08:34:35,69.58,5.46,126.06,64.39
2026-06-09T08:34:36,69.6,5.46,126.61,64.4
2026-06-09T08:34:37,69.5,5.43,126.19,64.37
2026-06-09T08:34:38,69.69,5.46,126.31,64.35
2026-06-09T08:34:39,69.52,5.46,129.06,64.34
2026-06-09T08:34:40,69.6,5.47,128.76,64.36
2026-06-09T08:34:41,69.51,5.49,126.91,64.36
2026-06-09T08:34:42,69.43,5.44,129.88,64.33
2026-06-09T08:34:43,69.49,5.42,128.69,64.29
2026-06-09T08:34:44,69.35,5.41,131.12,64.31
2026-06-09T08:34:45,69.32,5.44,132.96,64.28
2026-06-09T08:34:46,69.15,5.44,131.67,64.3
2026-06-09T08:34:47,69.32,5.46,129.23,64.33
2026-06-09T08:34:48,69.43,5.46,130.5,64.37
2026-06-09T08:34:49,69.57,5.5,129.18,64.35
2026-06-09T08:34:50,69.57,5.49,129.07,64.37
2026-06-09T08:34:51,69.61,5.53,129.31,64.35
2026-06-09T08:34:52,69.69,5.5,131.88,64.36
2026-06-09T08:34:53,69.74,5.5,130.22,64.31
2026-06-09T08:34:54,69.93,5.52,127.45,64.32
2026-06-09T08:34:55,70.08,5.47,125.95,64.37
2026-06-09T08:34:56,70.09,5.44,123.67,64.38
2026-06-09T08:34:57,70.25,5.39,123.72,64.36
2026-06-09T08:34:58,70.2,5.43,122.38,64.4
2026-06-09T08:34:59,70.05,5.42,124.62,64.44
2026-06-09T08:35:00,69.97,5.41,127.57,64.48
2026-06-09T08:35:01,69.79,5.45,129.72,64.52
2026-06-09T08:35:02,69.68,5.48,131.67,64.49
2026-06-09T08:35:03,69.84,5.46,133.29,64.45
2026-06-09T08:35:04,69.69,5.44,132.66,64.46
2026-06-09T08:35:05,69.87,5.47,134.64,64.44
2026-06-09T08:35:06,70.03,5.52,132.48,64.43
2026-06-09T08:35:07,70.08,5.57,131.98,64.43
2026-06-09T08:35:08,70.02,5.61,133.73,64.44
2026-06-09T08:35:09,70.19,5.65,134.57,64.39
2026-06-09T08:35:10,70.19,5.68,137.17,64.37
2026-06-09T08:35:11,70.01,5.69,136.82,64.4
2026-06-09T08:35:12,69.85,5.7,135.39,64.42
2026-06-09T08:35:13,69.77,5.68,134.67,64.4
2026-06-09T08:35:14,69.95,5.64,137.44,64.35
2026-06-09T08:35:15,69.86,5.62,136.87,64.32
2026-06-09T08:35:16,69.7,5.58,136.34,64.37
2026-06-09T08:35:17,69.64,5.61,136.02,64.33
2026-06-09T08:35:18,69.64,5.56,138.43,64.35
2026-06-09T08:35:19,69.55,5.6,137.27,64.31
2026-06-09T08:35:20,69.36,5.62,136.7,64.26
2026-06-09T08:35:21,69.19,5.64,136.19,64.26
2026-06-09T08:35:22,69.28,5.6,135.4,64.28
2026-06-09T08:35:23,69.24,5.58,133.9,64.26
2026-06-09T08:35:24,69.14,5.53,134.41,64.26
2026-06-09T08:35:25,69.18,5.53,136.56,64.3
2026-06-09T08:35:26,69.19,5.5,138.85,64.34
2026-06-09T08:35:27,69.3,5.46,138.2,64.35
2026-06-09T08:35:28,69.2,5.45,135.24,64.35
2026-06-09T08:35:29,69.34,5.44,135.03,64.3
2026-06-09T08:35:30,69.51,5.43,136.52,64.32
2026-06-09T08:35:31,69.68,5.38,133.94,64.3
2026-06-09T08:35:32,69.81,5.39,134.19,64.26
2026-06-09T08:35:33,69.91,5.4,133.7,64.29
2026-06-09T08:35:34,69.98,5.4,131.26,64.31
2026-06-09T08:35:35,69.93,5.37,133.7,64.29
2026-06-09T08:35:36,70.13,5.35,131.24,64.32
2026-06-09T08:35:37,70.08,5.37,131.36,64.32
2026-06-09T08:35:38,70.0,5.41,132.32,64.32
2026-06-09T08:35:39,70.15,5.43,130.51,64.32
2026-06-09T08:35:40,70.15,5.47,128.86,64.27
2026-06-09T08:35:41,70.17,5.45,129.42,64.29
2026-06-09T08:35:42,70.07,5.47,128.85,64.29
2026-06-09T08:35:43,70.08,5.47,126.88,64.33
2026-06-09T08:35:44,69.98,5.42,126.81,64.32
2026-06-09T08:35:45,70.11,5.41,127.55,64.29
2026-06-09T08:35:46,70.07,5.41,127.76,64.31
2026-06-09T08:35:47,70.0,5.39,127.5,64.34
2026-06-09T08:35:48,70.0,5.43,128.94,64.31
2026-06-09T08:35:49,69.99,5.44,127.76,64.27
2026-06-09T08:35:50,69.85,5.48,127.23,64.23
2026-06-09T08:35:51,69.95,5.48,127.11,64.19
2026-06-09T08:35:52,69.76,5.46,126.02,64.15
2026-06-09T08:35:53,69.65,5.45,123.73,64.14
2026-06-09T08:35:54,69.54,5.46,121.44,64.09
2026-06-09T08:35:55,69.36,5.41,121.37,64.14
2026-06-09T08:35:56,69.27,5.39,123.66,64.14
2026-06-09T08:35:57,69.1,5.44,124.02,64.14
2026-06-09T08:35:58,69.07,5.47,124.97,64.16
2026-06-09T08:35:59,69.27,5.45,123.54,64.14
2026-06-09T08:36:00,69.13,5.48,125.33,64.14
2026-06-09T08:36:01,69.16,5.47,122.66,64.15
2026-06-09T08:36:02,69.29,5.44,122.79,64.11
2026-06-09T08:36:03,69.28,5.45,120.38,64.15
2026-06-09T08:36:04,69.46,5.5,122.23,64.13
2026-06-09T08:36:05,69.54,5.55,124.4,64.09
2026-06-09T08:36:06,69.35,5.52,125.07,64.13
2026-06-09T08:36:07,69.21,5.55,128.05,64.13
2026-06-09T08:36:08,69.14,5.51,126.5,64.08
2026-06-09T08:36:09,69.33,5.49,125.99,64.1
2026-06-09T08:36:10,69.29,5.53,128.83,64.05
2026-06-09T08:36:11,69.48,5.56,130.52,64.07
2026-06-09T08:36:12,69.59,5.55,129.79,64.11
2026-06-09T08:36:13,69.55,5.54,131.31,64.16
2026-06-09T08:36:14,69.4,5.56,129.79,64.14
2026-06-09T08:36:15,69.51,5.56,127.87,64.12
2026-06-09T08:36:16,69.54,5.51,126.05,64.1
2026-06-09T08:36:17,69.37,5.54,124.17,64.06
2026-06-09T08:36:18,69.5,5.55,125.58,64.05
2026-06-09T08:36:19,69.33,5.58,127.82,64.06
2026-06-09T08:36:20,69.36,5.56,126.36,64.01
2026-06-09T08:36:21,69.34,5.55,128.43,63.96
2026-06-09T08:36:22,69.22,5.53,128.24,63.99
2026-06-09T08:36:23,69.19,5.55,128.51,64.01
2026-06-09T08:36:24,69.11,5.55,127.68,64.02
2026-06-09T08:36:25,69.18,5.54,124.82,64.03
2026-06-09T08:36:26,69.24,5.56,123.39,64.03
2026-06-09T08:36:27,69.4,5.56,122.19,63.98
2026-06-09T08:36:28,69.33,5.51,120.55,63.99
2026-06-09T08:36:29,69.47,5.55,118.98,63.97
2026-06-09T08:36:30,69.47,5.57,119.34,64.01
2026-06-09T08:36:31,69.62,5.59,119.28,64.0
2026-06-09T08:36:32,69.5,5.56,122.09,64.0
2026-06-09T08:36:33,69.39,5.57,124.25,64.01
2026-06-09T08:36:34,69.29,5.59,124.12,63.97
2026-06-09T08:36:35,69.21,5.63,122.25,64.02
2026-06-09T08:36:36,69.21,5.68,123.95,63.97
2026-06-09T08:36:37,69.39,5.67,123.75,64.01
2026-06-09T08:36:38,69.23,5.7,126.09,63.99
2026-06-09T08:36:39,69.32,5.73,125.71,63.97
2026-06-09T08:36:40,69.13,5.7,125.75,63.93
2026-06-09T08:36:41,69.3,5.75,125.92,63.91
2026-06-09T08:36:42,69.15,5.77,127.29,63.87
2026-06-09T08:36:43,69.27,5.76,128.95,63.9
2026-06-09T08:36:44,69.1,5.76,127.21,63.91
2026-06-09T08:36:45,69.09,5.79,127.16,63.88
2026-06-09T08:36:46,69.16,5.79,126.16,63.84
2026-06-09T08:36:47,69.32,5.83,126.74,63.88
2026-06-09T08:36:48,69.4,5.81,128.02,63.89
2026-06-09T08:36:49,69.26,5.81,129.27,63.94
2026-06-09T08:36:50,69.27,5.78,128.84,63.92
2026-06-09T08:36:51,69.14,5.81,127.47,63.87
2026-06-09T08:36:52,69.16,5.84,126.87,63.92
2026-06-09T08:36:53,69.26,5.82,128.84,63.91
2026-06-09T08:36:54,69.09,5.87,128.58,63.89
2026-06-09T08:36:55,69.21,5.89,127.46,63.87
2026-06-09T08:36:56,69.16,5.85,130.33,63.86
2026-06-09T08:36:57,69.01,5.84,127.53,63.91
2026-06-09T08:36:58,68.82,5.88,127.98,63.92
2026-06-09T08:36:59,68.68,5.84,128.38,63.96
2026-06-09T08:37:00,68.7,5.82,127.12,63.93
2026-06-09T08:37:01,68.66,5.8,127.65,63.94
2026-06-09T08:37:02,68.46,5.78,125.54,63.94
2026-06-09T08:37:03,68.64,5.79,123.46,63.91
2026-06-09T08:37:04,68.73,5.79,125.8,63.94
2026-06-09T08:37:05,68.89,5.82,126.15,63.92
2026-06-09T08:37:06,68.72,5.78,125.99,63.91
2026-06-09T08:37:07,68.77,5.74,127.68,63.96
2026-06-09T08:37:08,68.95,5.78,128.02,64.01
2026-06-09T08:37:09,68.85,5.79,126.76,63.97
2026-06-09T08:37:10,68.9,5.75,124.41,63.97
2026-06-09T08:37:11,69.0,5.79,121.47,64.0
2026-06-09T08:37:12,69.07,5.76,124.26,63.98
2026-06-09T08:37:13,69.24,5.8,126.7,64.01
2026-06-09T08:37:14,69.15,5.79,124.92,64.0
2026-06-09T08:37:15,69.0,5.82,127.87,64.01
2026-06-09T08:37:16,69.0,5.79,127.78,64.02
2026-06-09T08:37:17,68.97,5.8,125.57,64.05
2026-06-09T08:37:18,68.89,5.83,123.57,64.08
2026-06-09T08:37:19,68.74,5.83,125.7,64.11
2026-06-09T08:37:20,68.74,5.85,126.15,64.11
2026-06-09T08:37:21,68.93,5.89,126.82,64.08
2026-06-09T08:37:22,69.07,5.85,128.11,64.13
2026-06-09T08:37:23,68.91,5.82,128.24,64.16
2026-06-09T08:37:24,68.92,5.79,129.53,64.2
2026-06-09T08:37:25,69.06,5.74,126.87,64.23
2026-06-09T08:37:26,68.93,5.77,129.65,64.23
2026-06-09T08:37:27,69.11,5.77,129.04,64.23
2026-06-09T08:37:28,69.03,5.81,127.9,64.19
2026-06-09T08:37:29,69.03,5.82,128.67,64.2
2026-06-09T08:37:30,69.03,5.86,131.24,64.19
2026-06-09T08:37:31,69.03,5.88,131.55,64.21
2026-06-09T08:37:32,69.14,5.85,131.47,64.19
2026-06-09T08:37:33,69.31,5.8,133.88,64.15
2026-06-09T08:37:34,69.38,5.79,136.19,64.11
2026-06-09T08:37:35,69.54,5.74,135.41,64.14
2026-06-09T08:37:36,69.5,5.72,136.79,64.18
2026-06-09T08:37:37,69.45,5.73,137.56,64.16
2026-06-09T08:37:38,69.53,5.69,137.55,64.16
2026-06-09T08:37:39,69.34,5.71,136.54,64.13
2026-06-09T08:37:40,69.27,5.68,137.1,64.14
2026-06-09T08:37:41,69.09,5.68,135.45,64.13
2026-06-09T08:37:42,69.24,5.65,137.1,64.17
2026-06-09T08:37:43,69.26,5.63,136.83,64.13
2026-06-09T08:37:44,69.21,5.62,139.48,64.13
2026-06-09T08:37:45,69.15,5.67,136.95,64.13
2026-06-09T08:37:46,69.32,5.66,137.49,64.13
2026-06-09T08:37:47,69.42,5.62,135.23,64.16
2026-06-09T08:37:48,69.27,5.61,137.95,64.13
2026-06-09T08:37:49,69.44,5.58,140.46,64.13
2026-06-09T08:37:50,69.64,5.6,138.89,64.11
2026-06-09T08:37:51,69.48,5.55,136.93,64.13
2026-06-09T08:37:52,69.29,5.54,137.76,64.12
2026-06-09T08:37:53,69.28,5.57,140.66,64.09
2026-06-09T08:37:54,69.46,5.57,140.24,64.14
2026-06-09T08:37:55,69.55,5.53,139.15,64.1
2026-06-09T08:37:56,69.46,5.48,140.74,64.06
2026-06-09T08:37:57,69.5,5.46,140.44,64.04
2026-06-09T08:37:58,69.37,5.5,138.22,64.01
2026-06-09T08:37:59,69.29,5.47,136.74,63.97
2026-06-09T08:38:00,69.14,5.47,139.61,64.02
2026-06-09T08:38:01,69.2,5.46,142.5,64.01
2026-06-09T08:38:02,69.36,5.42,140.37,63.98
2026-06-09T08:38:03,69.18,5.47,142.56,64.01
2026-06-09T08:38:04,69.11,5.51,141.98,63.99
2026-06-09T08:38:05,68.94,5.47,140.38,63.94
2026-06-09T08:38:06,68.86,5.47,142.14,63.96
2026-06-09T08:38:07,68.87,5.42,140.39,63.91
2026-06-09T08:38:08,68.85,5.42,142.32,63.94
2026-06-09T08:38:09,69.04,5.44,143.0,63.91
2026-06-09T08:38:10,69.05,5.42,144.29,63.95
2026-06-09T08:38:11,69.03,5.37,144.2,63.92
2026-06-09T08:38:12,69.0,5.39,146.93,63.93
2026-06-09T08:38:13,68.86,5.44,144.14,63.95
2026-06-09T08:38:14,68.67,5.43,143.56,63.93
2026-06-09T08:38:15,68.87,5.43,146.55,63.93
2026-06-09T08:38:16,68.89,5.46,145.42,63.97
2026-06-09T08:38:17,68.7,5.43,143.05,63.92
2026-06-09T08:38:18,68.81,5.43,144.12,63.94
2026-06-09T08:38:19,68.79,5.4,144.74,63.94
2026-06-09T08:38:20,68.96,5.39,142.04,63.97
2026-06-09T08:38:21,69.09,5.39,139.6,63.92
2026-06-09T08:38:22,69.15,5.4,137.08,63.91
2026-06-09T08:38:23,69.19,5.39,139.32,63.87
2026-06-09T08:38:24,69.07,5.43,136.33,63.83
2026-06-09T08:38:25,69.04,5.42,134.19,63.85
2026-06-09T08:38:26,68.98,5.39,131.52,63.83
2026-06-09T08:38:27,69.05,5.38,134.1,63.84
2026-06-09T08:38:28,69.22,5.35,134.38,63.88
2026-06-09T08:38:29,69.17,5.31,136.0,63.91
2026-06-09T08:38:30,69.3,5.29,135.61,63.86
2026-06-09T08:38:31,69.39,5.26,134.62,63.86
2026-06-09T08:38:32,69.25,5.26,137.1,63.87
2026-06-09T08:38:33,69.08,5.3,135.71,63.87
2026-06-09T08:38:34,69.17,5.34,134.71,63.9
2026-06-09T08:38:35,69.1,5.36,136.85,63.85
2026-06-09T08:38:36,68.95,5.39,135.99,63.84
2026-06-09T08:38:37,69.04,5.43,138.95,63.84
2026-06-09T08:38:38,69.08,5.47,138.12,63.85
2026-06-09T08:38:39,69.27,5.45,135.57,63.81
2026-06-09T08:38:40,69.31,5.5,133.98,63.81
2026-06-09T08:38:41,69.11,5.55,136.37,63.82
2026-06-09T08:38:42,69.07,5.56,133.68,63.77
2026-06-09T08:38:43,69.13,5.58,134.68,63.82
2026-06-09T08:38:44,69.32,5.6,132.39,63.78
2026-06-09T08:38:45,69.29,5.63,131.15,63.77
2026-06-09T08:38:46,69.29,5.61,132.82,63.77
2026-06-09T08:38:47,69.37,5.56,130.78,63.72
2026-06-09T08:38:48,69.53,5.54,133.64,63.75
2026-06-09T08:38:49,69.4,5.5,135.37,63.76
2026-06-09T08:38:50,69.29,5.51,136.86,63.72
2026-06-09T08:38:51,69.49,5.5,135.96,63.68
2026-06-09T08:38:52,69.58,5.5,138.09,63.72
2026-06-09T08:38:53,69.69,5.51,140.22,63.71
2026-06-09T08:38:54,69.61,5.52,142.19,63.69
2026-06-09T08:38:55,69.53,5.55,143.01,63.74
2026-06-09T08:38:56,69.44,5.53,142.42,63.73
2026-06-09T08:38:57,69.6,5.55,145.05,63.77
2026-06-09T08:38:58,69.78,5.55,142.81,63.8
2026-06-09T08:38:59,69.68,5.58,142.0,63.82
2026-06-09T08:39:00,69.5,5.58,140.19,63.79
2026-06-09T08:39:01,69.52,5.55,140.77,63.78
2026-06-09T08:39:02,69.57,5.52,137.77,63.74
2026-06-09T08:39:03,69.39,5.51,140.14,63.7
2026-06-09T08:39:04,69.2,5.48,140.67,63.66
2026-06-09T08:39:05,69.14,5.48,139.59,63.63
2026-06-09T08:39:06,69.11,5.53,141.82,63.67
2026-06-09T08:39:07,69.16,5.56,143.04,63.71
2026-06-09T08:39:08,69.2,5.61,140.3,63.69
2026-06-09T08:39:09,69.29,5.61,140.84,63.71
2026-06-09T08:39:10,69.11,5.64,139.11,63.73
2026-06-09T08:39:11,69.0,5.64,142.1,63.69
2026-06-09T08:39:12,69.05,5.66,141.23,63.7
2026-06-09T08:39:13,68.87,5.63,140.23,63.65
2026-06-09T08:39:14,68.87,5.62,140.69,63.68
2026-06-09T08:39:15,68.72,5.67,143.09,63.69
2026-06-09T08:39:16,68.76,5.65,142.16,63.69
2026-06-09T08:39:17,68.63,5.66,143.0,63.67
2026-06-09T08:39:18,68.8,5.71,145.35,63.67
2026-06-09T08:39:19,68.66,5.71,146.94,63.63
2026-06-09T08:39:20,68.53,5.68,146.52,63.67
2026-06-09T08:39:21,68.62,5.66,146.49,63.71
2026-06-09T08:39:22,68.51,5.62,147.68,63.7
2026-06-09T08:39:23,68.52,5.6,148.25,63.67
2026-06-09T08:39:24,68.52,5.57,145.34,63.65
2026-06-09T08:39:25,68.53,5.55,146.9,63.62
2026-06-09T08:39:26,68.53,5.55,147.8,63.6
2026-06-09T08:39:27,68.68,5.54,150.23,63.58
2026-06-09T08:39:28,68.64,5.57,147.29,63.56
2026-06-09T08:39:29,68.75,5.59,147.1,63.52
2026-06-09T08:39:30,68.74,5.63,145.72,63.54
2026-06-09T08:39:31,68.71,5.6,145.96,63.51
2026-06-09T08:39:32,68.75,5.63,146.49,63.54
2026-06-09T08:39:33,68.75,5.65,147.62,63.59
2026-06-09T08:39:34,68.62,5.67,148.44,63.58
2026-06-09T08:39:35,68.51,5.68,146.45,63.58
2026-06-09T08:39:36,68.7,5.69,143.97,63.56
2026-06-09T08:39:37,68.69,5.74,145.3,63.55
2026-06-09T08:39:38,68.65,5.79,146.14,63.51
2026-06-09T08:39:39,68.6,5.81,148.89,63.54
2026-06-09T08:39:40,68.53,5.86,147.77,63.51
2026-06-09T08:39:41,68.56,5.87,148.78,63.52
2026-06-09T08:39:42,68.64,5.9,150.4,63.51
2026-06-09T08:39:43,68.55,5.89,150.9,63.49
2026-06-09T08:39:44,68.74,5.89,151.73,63.51
2026-06-09T08:39:45,68.85,5.88,149.61,63.46
2026-06-09T08:39:46,68.96,5.84,150.55,63.47
2026-06-09T08:39:47,69.01,5.8,152.33,63.46
2026-06-09T08:39:48,68.86,5.76,151.61,63.5
2026-06-09T08:39:49,68.71,5.73,149.72,63.54
2026-06-09T08:39:50,68.88,5.78,149.71,63.56
2026-06-09T08:39:51,68.88,5.75,150.17,63.52
2026-06-09T08:39:52,68.81,5.79,151.58,63.55
2026-06-09T08:39:53,68.91,5.8,150.61,63.57
2026-06-09T08:39:54,68.73,5.78,147.64,63.52
2026-06-09T08:39:55,68.71,5.75,150.49,63.54
2026-06-09T08:39:56,68.58,5.72,148.58,63.53
2026-06-09T08:39:57,68.44,5.7,147.95,63.51
2026-06-09T08:39:58,68.58,5.71,150.65,63.47
2026-06-09T08:39:59,68.59,5.76,150.2,63.45
2026-06-09T08:40:00,68.58,5.74,147.42,63.44
2026-06-09T08:40:01,68.61,5.74,145.02,63.44
2026-06-09T08:40:02,68.49,5.73,147.02,63.48
2026-06-09T08:40:03,68.6,5.72,145.28,63.44
2026-06-09T08:40:04,68.7,5.71,147.61,63.46
2026-06-09T08:40:05,68.62,5.74,149.27,63.43
2026-06-09T08:40:06,68.7,5.7,151.4,63.44
2026-06-09T08:40:07,68.88,5.71,154.12,63.41
2026-06-09T08:40:08,69.07,5.73,156.89,63.46
2026-06-09T08:40:09,69.08,5.71,158.47,63.44
2026-06-09T08:40:10,69.26,5.67,159.86,63.46
2026-06-09T08:40:11,69.35,5.7,160,63.48
2026-06-09T08:40:12,69.39,5.68,160,63.47
2026-06-09T08:40:13,69.39,5.68,159.32,63.44
2026-06-09T08:40:14,69.25,5.69,160,63.43
2026-06-09T08:40:15,69.16,5.69,160,63.38
2026-06-09T08:40:16,69.11,5.64,160,63.37
2026-06-09T08:40:17,69.01,5.61,160,63.41
2026-06-09T08:40:18,69.19,5.64,160,63.42
2026-06-09T08:40:19,69.38,5.62,160,63.43
2026-06-09T08:40:20,69.24,5.64,158.74,63.46
2026-06-09T08:40:21,69.16,5.67,156.23,63.45
2026-06-09T08:40:22,69.19,5.63,155.09,63.48
2026-06-09T08:40:23,69.3,5.62,152.43,63.45
2026-06-09T08:40:24,69.23,5.57,153.35,63.45
2026-06-09T08:40:25,69.19,5.58,151.71,63.41
2026-06-09T08:40:26,69.07,5.56,154.32,63.38
2026-06-09T08:40:27,69.23,5.55,156.17,63.39
2026-06-09T08:40:28,69.3,5.57,157.69,63.4
2026-06-09T08:40:29,69.37,5.61,154.95,63.36
2026-06-09T08:40:30,69.42,5.61,156.75,63.38
2026-06-09T08:40:31,69.52,5.63,157.35,63.34
2026-06-09T08:40:32,69.39,5.6,160,63.3
2026-06-09T08:40:33,69.36,5.57,160,63.27
2026-06-09T08:40:34,69.29,5.59,160,63.31
2026-06-09T08:40:35,69.1,5.57,158.13,63.28
2026-06-09T08:40:36,69.05,5.58,155.27,63.27
2026-06-09T08:40:37,69.01,5.53,155.15,63.3
2026-06-09T08:40:38,68.92,5.5,155.22,63.28
2026-06-09T08:40:39,69.04,5.55,152.51,63.3
2026-06-09T08:40:40,69.01,5.54,152.76,63.34
2026-06-09T08:40:41,69.21,5.52,152.83,63.35
2026-06-09T08:40:42,69.08,5.53,150.77,63.33
2026-06-09T08:40:43,69.16,5.54,149.54,63.3
2026-06-09T08:40:44,69.24,5.57,150.49,63.34
2026-06-09T08:40:45,69.12,5.59,151.3,63.31
2026-06-09T08:40:46,69.03,5.54,152.74,63.28
2026-06-09T08:40:47,69.06,5.58,150.69,63.31
2026-06-09T08:40:48,69.14,5.61,150.58,63.35
2026-06-09T08:40:49,69.14,5.59,149.2,63.3
2026-06-09T08:40:50,69.02,5.58,151.13,63.34
2026-06-09T08:40:51,69.1,5.56,149.17,63.35
2026-06-09T08:40:52,69.05,5.59,147.37,63.38
2026-06-09T08:40:53,69.14,5.6,145.42,63.4
2026-06-09T08:40:54,69.16,5.57,146.73,63.4
2026-06-09T08:40:55,69.07,5.6,145.44,63.38
2026-06-09T08:40:56,69.02,5.61,144.05,63.35
2026-06-09T08:40:57,68.97,5.59,142.44,63.36
2026-06-09T08:40:58,69.11,5.62,141.71,63.32
2026-06-09T08:40:59,69.08,5.62,143.49,63.36
2026-06-09T08:41:00,69.01,5.65,146.29,63.4
2026-06-09T08:41:01,68.82,5.63,146.4,63.37
2026-06-09T08:41:02,68.78,5.64,146.37,63.39
2026-06-09T08:41:03,68.7,5.62,146.79,63.42
2026-06-09T08:41:04,68.84,5.62,148.75,63.45
2026-06-09T08:41:05,68.85,5.66,147.16,63.45
2026-06-09T08:41:06,68.99,5.69,146.85,63.47
2026-06-09T08:41:07,68.87,5.64,149.61,63.49
2026-06-09T08:41:08,68.95,5.64,151.4,63.51
2026-06-09T08:41:09,68.91,5.6,149.77,63.51
2026-06-09T08:41:10,68.77,5.64,149.37,63.46
2026-06-09T08:41:11,68.62,5.68,149.37,63.47
2026-06-09T08:41:12,68.48,5.72,149.96,63.5
2026-06-09T08:41:13,68.36,5.74,151.51,63.5
2026-06-09T08:41:14,68.34,5.75,153.9,63.47
2026-06-09T08:41:15,68.53,5.75,151.48,63.47
2026-06-09T08:41:16,68.59,5.74,154.13,63.46
2026-06-09T08:41:17,68.7,5.7,152.27,63.43
2026-06-09T08:41:18,68.58,5.73,150.79,63.39
2026-06-09T08:41:19,68.76,5.7,151.59,63.36
2026-06-09T08:41:20,68.83,5.71,153.36,63.38
2026-06-09T08:41:21,68.97,5.75,153.7,63.33
2026-06-09T08:41:22,68.87,5.78,151.68,63.36
2026-06-09T08:41:23,69.0,5.8,151.82,63.39
2026-06-09T08:41:24,68.98,5.8,151.04,63.38
2026-06-09T08:41:25,69.07,5.8,153.03,63.4
2026-06-09T08:41:26,68.97,5.83,153.23,63.39
2026-06-09T08:41:27,68.96,5.79,151.25,63.42
2026-06-09T08:41:28,68.94,5.83,149.31,63.41
2026-06-09T08:41:29,68.98,5.85,147.16,63.38
2026-06-09T08:41:30,69.18,5.9,144.75,63.41
2026-06-09T08:41:31,69.05,5.87,142.17,63.44
2026-06-09T08:41:32,69.21,5.83,140.92,63.44
2026-06-09T08:41:33,69.25,5.87,139.17,63.45
2026-06-09T08:41:34,69.39,5.87,141.0,63.49
2026-06-09T08:41:35,69.35,5.89,139.44,63.47
2026-06-09T08:41:36,69.23,5.9,136.96,63.44
2026-06-09T08:41:37,69.38,5.91,135.59,63.44
2026-06-09T08:41:38,69.5,5.94,137.6,63.47
2026-06-09T08:41:39,69.69,5.9,140.04,63.46
2026-06-09T08:41:40,69.81,5.93,139.63,63.43
2026-06-09T08:41:41,69.84,5.95,139.65,63.44
2026-06-09T08:41:42,69.68,5.98,141.88,63.4
2026-06-09T08:41:43,69.57,6.01,140.14,63.38
2026-06-09T08:41:44,69.62,5.99,137.29,63.41
2026-06-09T08:41:45,69.77,6.02,134.69,63.43
2026-06-09T08:41:46,69.69,6.02,135.34,63.41
2026-06-09T08:41:47,69.86,6.01,135.3,63.36
2026-06-09T08:41:48,69.9,6.05,135.38,63.33
2026-06-09T08:41:49,69.99,6.1,132.83,63.36
2026-06-09T08:41:50,69.87,6.07,134.13,63.34
2026-06-09T08:41:51,69.92,6.11,135.93,63.32
2026-06-09T08:41:52,70.0,6.1,135.41,63.29
2026-06-09T08:41:53,70.05,6.13,135.05,63.3
2026-06-09T08:41:54,70.06,6.16,133.82,63.31
2026-06-09T08:41:55,70.09,6.19,134.15,63.28
2026-06-09T08:41:56,69.91,6.18,131.97,63.27
2026-06-09T08:41:57,69.9,6.18,134.18,63.23
2026-06-09T08:41:58,69.82,6.19,137.12,63.21
2026-06-09T08:41:59,70.02,6.2,138.73,63.22
2026-06-09T08:42:00,70.03,6.16,137.19,63.2
2026-06-09T08:42:01,70.22,6.21,136.16,63.24
2026-06-09T08:42:02,70.05,6.17,133.62,63.2
2026-06-09T08:42:03,70.12,6.13,135.1,63.17
2026-06-09T08:42:04,70.06,6.1,134.82,63.14
2026-06-09T08:42:05,69.98,6.09,135.19,63.18
2026-06-09T08:42:06,69.81,6.1,135.55,63.19
2026-06-09T08:42:07,69.96,6.13,137.9,63.24
2026-06-09T08:42:08,70.1,6.16,140.32,63.25
2026-06-09T08:42:09,70.16,6.2,142.65,63.23
2026-06-09T08:42:10,70.18,6.23,141.35,63.26
2026-06-09T08:42:11,70.2,6.24,142.51,63.25
2026-06-09T08:42:12,70.01,6.25,141.59,63.3
2026-06-09T08:42:13,70.2,6.29,143.78,63.31
2026-06-09T08:42:14,70.06,6.28,143.9,63.3
2026-06-09T08:42:15,70.25,6.31,142.13,63.32
2026-06-09T08:42:16,70.06,6.27,140.72,63.36
2026-06-09T08:42:17,70.26,6.31,142.52,63.39
2026-06-09T08:42:18,70.16,6.32,142.99,63.43
2026-06-09T08:42:19,70.29,6.3,141.75,63.41
2026-06-09T08:42:20,70.48,6.33,141.98,63.44
2026-06-09T08:42:21,70.34,6.3,142.39,63.41
2026-06-09T08:42:22,70.34,6.29,141.1,63.37
2026-06-09T08:42:23,70.3,6.31,140.18,63.37
2026-06-09T08:42:24,70.41,6.33,143.07,63.35
2026-06-09T08:42:25,70.51,6.36,143.76,63.33
2026-06-09T08:42:26,70.57,6.39,142.25,63.38
2026-06-09T08:42:27,70.41,6.42,143.63,63.42
2026-06-09T08:42:28,70.42,6.39,142.42,63.44
2026-06-09T08:42:29,70.28,6.4,144.82,63.44
2026-06-09T08:42:30,70.22,6.44,143.77,63.47
2026-06-09T08:42:31,70.28,6.46,142.81,63.42
2026-06-09T08:42:32,70.39,6.45,140.58,63.4
2026-06-09T08:42:33,70.48,6.47,140.35,63.45
2026-06-09T08:42:34,70.32,6.42,137.57,63.48
2026-06-09T08:42:35,70.27,6.45,139.34,63.52
2026-06-09T08:42:36,70.17,6.45,137.09,63.57
2026-06-09T08:42:37,70.16,6.44,134.63,63.59
2026-06-09T08:42:38,70.02,6.44,135.35,63.56
2026-06-09T08:42:39,70.18,6.4,137.43,63.54
2026-06-09T08:42:40,70.27,6.35,135.48,63.54
2026-06-09T08:42:41,70.3,6.37,133.41,63.49
2026-06-09T08:42:42,70.34,6.35,134.51,63.47
2026-06-09T08:42:43,70.37,6.35,135.35,63.44
2026-06-09T08:42:44,70.23,6.37,136.23,63.48
2026-06-09T08:42:45,70.12,6.32,135.98,63.45
2026-06-09T08:42:46,70.08,6.32,134.27,63.46
2026-06-09T08:42:47,69.91,6.3,132.41,63.48
2026-06-09T08:42:48,70.1,6.35,130.68,63.47
2026-06-09T08:42:49,70.14,6.4,128.14,63.42
2026-06-09T08:42:50,70.0,6.39,127.22,63.46
2026-06-09T08:42:51,69.82,6.42,126.69,63.45
2026-06-09T08:42:52,69.71,6.45,126.88,63.42
2026-06-09T08:42:53,69.83,6.42,126.29,63.39
2026-06-09T08:42:54,69.64,6.38,124.93,63.35
2026-06-09T08:42:55,69.79,6.35,125.81,63.37
2026-06-09T08:42:56,69.63,6.34,128.02,63.35
2026-06-09T08:42:57,69.67,6.39,127.44,63.37
2026-06-09T08:42:58,69.6,6.44,128.27,63.37
2026-06-09T08:42:59,69.76,6.45,130.29,63.41
2026-06-09T08:43:00,69.84,6.44,131.25,63.44
2026-06-09T08:43:01,69.7,6.43,131.21,63.48
2026-06-09T08:43:02,69.57,6.42,132.76,63.48
2026-06-09T08:43:03,69.46,6.38,131.4,63.49
2026-06-09T08:43:04,69.57,6.4,132.5,63.51
2026-06-09T08:43:05,69.67,6.45,129.65,63.49
2026-06-09T08:43:06,69.58,6.43,132.11,63.51
2026-06-09T08:43:07,69.38,6.41,134.51,63.46
2026-06-09T08:43:08,69.24,6.43,131.65,63.46
2026-06-09T08:43:09,69.19,6.44,131.17,63.43
2026-06-09T08:43:10,69.09,6.46,130.21,63.42
2026-06-09T08:43:11,69.21,6.51,131.61,63.42
2026-06-09T08:43:12,69.35,6.48,133.24,63.41
2026-06-09T08:43:13,69.33,6.51,133.61,63.36
2026-06-09T08:43:14,69.37,6.52,135.66,63.35
2026-06-09T08:43:15,69.41,6.55,135.59,63.38
2026-06-09T08:43:16,69.46,6.57,137.18,63.42
2026-06-09T08:43:17,69.59,6.53,134.5,63.45
2026-06-09T08:43:18,69.79,6.56,133.23,63.43
2026-06-09T08:43:19,69.6,6.59,133.25,63.46
2026-06-09T08:43:20,69.46,6.55,130.95,63.47
2026-06-09T08:43:21,69.51,6.57,132.91,63.49
2026-06-09T08:43:22,69.42,6.53,130.27,63.46
2026-06-09T08:43:23,69.39,6.49,129.64,63.44
2026-06-09T08:43:24,69.21,6.5,127.73,63.48
2026-06-09T08:43:25,69.06,6.49,125.74,63.47
2026-06-09T08:43:26,69.24,6.47,124.72,63.49
2026-06-09T08:43:27,69.4,6.44,125.44,63.5
2026-06-09T08:43:28,69.59,6.44,128.29,63.52
2026-06-09T08:43:29,69.78,6.4,129.1,63.56
2026-06-09T08:43:30,69.96,6.42,128.76,63.51
2026-06-09T08:43:31,70.04,6.45,128.24,63.48
2026-06-09T08:43:32,69.98,6.47,125.98,63.44
2026-06-09T08:43:33,69.96,6.44,125.23,63.44
2026-06-09T08:43:34,70.12,6.45,127.11,63.49
2026-06-09T08:43:35,70.24,6.41,125.11,63.45
2026-06-09T08:43:36,70.35,6.39,126.66,63.44
2026-06-09T08:43:37,70.33,6.43,124.1,63.42
2026-06-09T08:43:38,70.43,6.39,124.47,63.4
2026-06-09T08:43:39,70.26,6.41,123.68,63.4
2026-06-09T08:43:40,70.26,6.43,124.7,63.42
2026-06-09T08:43:41,70.26,6.45,125.0,63.37
2026-06-09T08:43:42,70.36,6.45,126.15,63.41
2026-06-09T08:43:43,70.29,6.44,125.71,63.41
2026-06-09T08:43:44,70.19,6.45,123.9,63.4
2026-06-09T08:43:45,70.21,6.46,122.86,63.38
2026-06-09T08:43:46,70.07,6.42,122.79,63.36
2026-06-09T08:43:47,69.97,6.46,122.6,63.35
2026-06-09T08:43:48,69.8,6.46,122.17,63.34
2026-06-09T08:43:49,69.88,6.47,119.93,63.34
2026-06-09T08:43:50,69.95,6.47,118.05,63.32
2026-06-09T08:43:51,69.82,6.45,117.71,63.37
2026-06-09T08:43:52,69.73,6.48,114.99,63.32
2026-06-09T08:43:53,69.89,6.47,114.48,63.3
2026-06-09T08:43:54,70.0,6.52,111.91,63.3
2026-06-09T08:43:55,70.12,6.55,114.64,63.31
2026-06-09T08:43:56,70.18,6.53,112.69,63.33
2026-06-09T08:43:57,70.01,6.54,112.5,63.31
2026-06-09T08:43:58,70.21,6.5,110.98,63.33
2026-06-09T08:43:59,70.33,6.53,111.99,63.32
2026-06-09T08:44:00,70.28,6.56,110.95,63.35
2026-06-09T08:44:01,70.38,6.58,110.48,63.32
2026-06-09T08:44:02,70.58,6.6,110.84,63.28
2026-06-09T08:44:03,70.56,6.56,112.25,63.27
2026-06-09T08:44:04,70.55,6.53,110.36,63.23
2026-06-09T08:44:05,70.43,6.52,113.16,63.23
2026-06-09T08:44:06,70.28,6.51,115.67,63.19
2026-06-09T08:44:07,70.32,6.55,118.17,63.22
2026-06-09T08:44:08,70.3,6.58,116.41,63.22
2026-06-09T08:44:09,70.46,6.63,116.58,63.25
2026-06-09T08:44:10,70.37,6.62,115.17,63.23
2026-06-09T08:44:11,70.5,6.61,117.85,63.27
2026-06-09T08:44:12,70.54,6.63,116.35,63.25
2026-06-09T08:44:13,70.48,6.63,114.0,63.25
2026-06-09T08:44:14,70.57,6.63,115.55,63.28
2026-06-09T08:44:15,70.58,6.59,114.33,63.24
2026-06-09T08:44:16,70.65,6.64,113.31,63.21
2026-06-09T08:44:17,70.8,6.59,111.68,63.18
2026-06-09T08:44:18,70.73,6.6,110.42,63.21
2026-06-09T08:44:19,70.78,6.63,109.48,63.26
2026-06-09T08:44:20,70.83,6.61,107.96,63.23
2026-06-09T08:44:21,70.7,6.61,109.23,63.2
2026-06-09T08:44:22,70.59,6.63,109.67,63.2
2026-06-09T08:44:23,70.53,6.67,107.07,63.18
2026-06-09T08:44:24,70.53,6.69,109.94,63.23
2026-06-09T08:44:25,70.69,6.65,108.98,63.22
2026-06-09T08:44:26,70.62,6.64,106.54,63.24
2026-06-09T08:44:27,70.68,6.66,104.47,63.21
2026-06-09T08:44:28,70.81,6.63,105.72,63.24
2026-06-09T08:44:29,70.89,6.63,106.31,63.26
2026-06-09T08:44:30,70.74,6.59,105.9,63.21
2026-06-09T08:44:31,70.55,6.57,108.53,63.25
2026-06-09T08:44:32,70.35,6.55,108.83,63.21
2026-06-09T08:44:33,70.41,6.56,110.27,63.22
2026-06-09T08:44:34,70.29,6.57,109.62,63.25
2026-06-09T08:44:35,70.11,6.57,111.73,63.24
2026-06-09T08:44:36,69.99,6.57,114.22,63.27
2026-06-09T08:44:37,69.85,6.53,116.98,63.29
2026-06-09T08:44:38,69.93,6.58,118.66,63.33
2026-06-09T08:44:39,70.11,6.54,118.96,63.36
2026-06-09T08:44:40,69.93,6.57,116.88,63.32
2026-06-09T08:44:41,70.09,6.56,117.21,63.36
2026-06-09T08:44:42,70.15,6.57,118.5,63.37
2026-06-09T08:44:43,70.05,6.61,117.3,63.4
2026-06-09T08:44:44,70.16,6.56,117.73,63.4
2026-06-09T08:44:45,70.3,6.6,118.81,63.4
2026-06-09T08:44:46,70.14,6.61,121.04,63.36
2026-06-09T08:44:47,70.11,6.57,118.73,63.38
2026-06-09T08:44:48,70.17,6.59,120.16,63.35
2026-06-09T08:44:49,70.24,6.63,122.17,63.33
2026-06-09T08:44:50,70.08,6.64,119.87,63.32
2026-06-09T08:44:51,70.1,6.62,118.3,63.31
2026-06-09T08:44:52,70.04,6.64,115.3,63.28
2026-06-09T08:44:53,70.03,6.65,112.84,63.33
2026-06-09T08:44:54,70.0,6.63,114.1,63.36
2026-06-09T08:44:55,69.88,6.66,111.34,63.35
2026-06-09T08:44:56,69.72,6.64,112.38,63.38
2026-06-09T08:44:57,69.67,6.67,111.97,63.42
2026-06-09T08:44:58,69.6,6.66,110.35,63.46
2026-06-09T08:44:59,69.67,6.62,113.2,63.45
2026-06-09T08:45:00,69.76,6.58,115.27,63.42
2026-06-09T08:45:01,69.59,6.57,116.31,63.46
2026-06-09T08:45:02,69.69,6.59,113.4,63.42
2026-06-09T08:45:03,69.74,6.6,115.49,63.42
2026-06-09T08:45:04,69.65,6.56,116.2,63.38
2026-06-09T08:45:05,69.82,6.57,118.42,63.35
2026-06-09T08:45:06,69.91,6.58,118.58,63.4
2026-06-09T08:45:07,69.92,6.54,120.4,63.36
2026-06-09T08:45:08,69.93,6.56,121.33,63.34
2026-06-09T08:45:09,70.1,6.53,120.77,63.29
2026-06-09T08:45:10,70.02,6.51,119.69,63.33
2026-06-09T08:45:11,69.95,6.52,118.56,63.3
2026-06-09T08:45:12,70.08,6.55,116.47,63.3
2026-06-09T08:45:13,70.18,6.52,116.31,63.28
2026-06-09T08:45:14,70.01,6.52,114.2,63.32
2026-06-09T08:45:15,70.17,6.5,113.86,63.33
2026-06-09T08:45:16,70.09,6.48,111.79,63.35
2026-06-09T08:45:17,70.27,6.44,108.86,63.38
2026-06-09T08:45:18,70.36,6.45,106.0,63.41
2026-06-09T08:45:19,70.35,6.47,104.66,63.37
2026-06-09T08:45:20,70.2,6.51,104.01,63.42
2026-06-09T08:45:21,70.05,6.5,101.12,63.46
2026-06-09T08:45:22,70.04,6.46,98.14,63.5
2026-06-09T08:45:23,70.17,6.45,96.04,63.5
2026-06-09T08:45:24,70.05,6.49,96.49,63.55
2026-06-09T08:45:25,69.89,6.46,96.22,63.55
2026-06-09T08:45:26,70.09,6.49,97.77,63.51
2026-06-09T08:45:27,70.1,6.47,94.82,63.55
2026-06-09T08:45:28,70.1,6.43,97.77,63.5
2026-06-09T08:45:29,70.03,6.43,95.63,63.52
2026-06-09T08:45:30,69.94,6.43,95.61,63.49
2026-06-09T08:45:31,70.12,6.44,94.67,63.5
2026-06-09T08:45:32,70.26,6.47,97.61,63.49
2026-06-09T08:45:33,70.42,6.43,100.38,63.49
2026-06-09T08:45:34,70.28,6.41,99.42,63.46
2026-06-09T08:45:35,70.15,6.46,96.53,63.42
2026-06-09T08:45:36,70.2,6.46,97.45,63.46
2026-06-09T08:45:37,70.14,6.49,95.9,63.49
2026-06-09T08:45:38,70.1,6.5,95.53,63.51
2026-06-09T08:45:39,70.14,6.53,98.34,63.55
2026-06-09T08:45:40,70.27,6.5,101.04,63.55
2026-06-09T08:45:41,70.31,6.53,98.3,63.58
2026-06-09T08:45:42,70.28,6.56,100.67,63.55
2026-06-09T08:45:43,70.28,6.58,98.29,63.51
2026-06-09T08:45:44,70.43,6.55,99.17,63.46
2026-06-09T08:45:45,70.29,6.57,100.04,63.46
2026-06-09T08:45:46,70.47,6.59,100.04,63.44
2026-06-09T08:45:47,70.59,6.56,102.54,63.46
2026-06-09T08:45:48,70.63,6.54,99.87,63.42
2026-06-09T08:45:49,70.46,6.56,101.72,63.39
2026-06-09T08:45:50,70.54,6.55,104.59,63.4
2026-06-09T08:45:51,70.51,6.58,105.04,63.37
2026-06-09T08:45:52,70.55,6.59,104.84,63.4
2026-06-09T08:45:53,70.38,6.58,103.27,63.37
2026-06-09T08:45:54,70.3,6.55,103.8,63.36
2026-06-09T08:45:55,70.39,6.59,103.4,63.39
2026-06-09T08:45:56,70.25,6.54,102.58,63.41
2026-06-09T08:45:57,70.44,6.55,104.55,63.46
2026-06-09T08:45:58,70.37,6.53,105.36,63.42
2026-06-09T08:45:59,70.53,6.51,107.44,63.4
2026-06-09T08:46:00,70.33,6.46,106.39,63.42
2026-06-09T08:46:01,70.14,6.43,108.38,63.4
2026-06-09T08:46:02,70.2,6.39,109.08,63.37
2026-06-09T08:46:03,70.02,6.38,107.9,63.39
2026-06-09T08:46:04,70.01,6.34,110.17,63.41
2026-06-09T08:46:05,69.89,6.32,110.44,63.44
2026-06-09T08:46:06,69.98,6.28,111.96,63.42
2026-06-09T08:46:07,70.14,6.26,112.97,63.45
2026-06-09T08:46:08,69.99,6.3,110.53,63.5
2026-06-09T08:46:09,69.84,6.34,107.68,63.55
2026-06-09T08:46:10,69.9,6.31,106.08,63.56
2026-06-09T08:46:11,69.87,6.28,109.06,63.54
2026-06-09T08:46:12,69.76,6.28,108.37,63.49
2026-06-09T08:46:13,69.75,6.25,111.28,63.5
2026-06-09T08:46:14,69.82,6.3,111.78,63.55
2026-06-09T08:46:15,69.67,6.26,112.68,63.6
2026-06-09T08:46:16,69.6,6.3,113.26,63.63
2026-06-09T08:46:17,69.41,6.27,112.92,63.61
2026-06-09T08:46:18,69.21,6.24,115.86,63.66
2026-06-09T08:46:19,69.37,6.29,113.27,63.65
2026-06-09T08:46:20,69.25,6.3,112.89,63.68
2026-06-09T08:46:21,69.15,6.28,110.32,63.7
2026-06-09T08:46:22,69.3,6.31,112.02,63.65
2026-06-09T08:46:23,69.11,6.3,112.45,63.65
2026-06-09T08:46:24,69.23,6.29,114.23,63.66
2026-06-09T08:46:25,69.34,6.24,111.37,63.65
2026-06-09T08:46:26,69.35,6.24,110.51,63.61
2026-06-09T08:46:27,69.54,6.26,111.81,63.66
2026-06-09T08:46:28,69.38,6.28,108.86,63.66
2026-06-09T08:46:29,69.35,6.31,110.11,63.65
2026-06-09T08:46:30,69.4,6.3,111.29,63.69
2026-06-09T08:46:31,69.26,6.27,108.56,63.69
2026-06-09T08:46:32,69.1,6.25,108.14,63.7
2026-06-09T08:46:33,68.97,6.24,107.76,63.73
2026-06-09T08:46:34,68.8,6.23,108.88,63.7
2026-06-09T08:46:35,68.72,6.19,110.44,63.68
2026-06-09T08:46:36,68.87,6.22,111.55,63.69
2026-06-09T08:46:37,69.05,6.23,110.52,63.66
2026-06-09T08:46:38,68.91,6.19,108.75,63.63
2026-06-09T08:46:39,68.77,6.17,105.78,63.63
2026-06-09T08:46:40,68.83,6.2,106.37,63.66
2026-06-09T08:46:41,68.73,6.23,107.87,63.65
2026-06-09T08:46:42,68.67,6.21,105.73,63.66
2026-06-09T08:46:43,68.56,6.2,105.94,63.65
2026-06-09T08:46:44,68.58,6.15,108.85,63.7
2026-06-09T08:46:45,68.44,6.15,108.28,63.69
2026-06-09T08:46:46,68.53,6.19,108.79,63.65
2026-06-09T08:46:47,68.6,6.22,106.25,63.68
2026-06-09T08:46:48,68.74,6.22,108.69,63.7
2026-06-09T08:46:49,68.76,6.23,107.75,63.7
2026-06-09T08:46:50,68.56,6.27,104.77,63.67
2026-06-09T08:46:51,68.7,6.24,101.99,63.64
2026-06-09T08:46:52,68.89,6.26,103.37,63.65
2026-06-09T08:46:53,68.86,6.28,101.55,63.66
2026-06-09T08:46:54,68.99,6.29,103.64,63.63
2026-06-09T08:46:55,68.94,6.25,101.99,63.62
2026-06-09T08:46:56,68.9,6.28,103.76,63.57
2026-06-09T08:46:57,68.82,6.29,103.52,63.55
2026-06-09T08:46:58,68.82,6.33,103.11,63.54
2026-06-09T08:46:59,68.81,6.32,105.93,63.59
2026-06-09T08:47:00,68.94,6.32,104.42,63.59
2026-06-09T08:47:01,69.11,6.33,107.01,63.64
2026-06-09T08:47:02,69.28,6.34,105.76,63.62
2026-06-09T08:47:03,69.24,6.34,103.94,63.59
2026-06-09T08:47:04,69.22,6.32,103.17,63.56
2026-06-09T08:47:05,69.13,6.34,102.43,63.61
2026-06-09T08:47:06,68.95,6.39,103.5,63.59
2026-06-09T08:47:07,69.0,6.38,103.09,63.63
2026-06-09T08:47:08,68.82,6.42,105.71,63.63
2026-06-09T08:47:09,68.92,6.42,102.85,63.59
2026-06-09T08:47:10,69.07,6.4,102.52,63.54
2026-06-09T08:47:11,69.05,6.43,102.03,63.54
2026-06-09T08:47:12,68.99,6.43,99.19,63.5
2026-06-09T08:47:13,69.18,6.48,100.17,63.53
2026-06-09T08:47:14,69.22,6.45,100.93,63.48
2026-06-09T08:47:15,69.12,6.42,103.09,63.51
2026-06-09T08:47:16,69.02,6.4,102.52,63.52
2026-06-09T08:47:17,69.0,6.45,100.59,63.47
2026-06-09T08:47:18,68.93,6.41,103.52,63.48
2026-06-09T08:47:19,69.1,6.4,103.27,63.45
2026-06-09T08:47:20,69.22,6.35,105.43,63.42
2026-06-09T08:47:21,69.11,6.3,102.79,63.38
2026-06-09T08:47:22,69.23,6.28,105.72,63.42
2026-06-09T08:47:23,69.09,6.28,104.54,63.39
2026-06-09T08:47:24,69.09,6.26,106.87,63.38
2026-06-09T08:47:25,69.18,6.27,105.28,63.35
2026-06-09T08:47:26,69.35,6.28,103.46,63.36
2026-06-09T08:47:27,69.38,6.29,102.12,63.4
2026-06-09T08:47:28,69.32,6.33,99.18,63.41
2026-06-09T08:47:29,69.23,6.37,100.16,63.39
2026-06-09T08:47:30,69.07,6.36,101.21,63.4
2026-06-09T08:47:31,68.97,6.41,103.93,63.36
2026-06-09T08:47:32,68.9,6.38,106.88,63.32
2026-06-09T08:47:33,68.89,6.43,108.67,63.27
2026-06-09T08:47:34,69.02,6.44,108.35,63.24
2026-06-09T08:47:35,68.83,6.46,107.83,63.22
2026-06-09T08:47:36,68.73,6.43,106.91,63.19
2026-06-09T08:47:37,68.92,6.38,105.72,63.2
2026-06-09T08:47:38,68.79,6.41,106.29,63.17
2026-06-09T08:47:39,68.86,6.36,107.51,63.12
2026-06-09T08:47:40,68.74,6.41,109.57,63.12
2026-06-09T08:47:41,68.87,6.41,110.3,63.13
2026-06-09T08:47:42,68.69,6.39,111.21,63.11
2026-06-09T08:47:43,68.54,6.36,112.05,63.1
2026-06-09T08:47:44,68.38,6.33,113.37,63.15
2026-06-09T08:47:45,68.2,6.31,115.66,63.13
2026-06-09T08:47:46,68.17,6.34,117.68,63.16
2026-06-09T08:47:47,68.3,6.35,117.84,63.17
2026-06-09T08:47:48,68.21,6.32,117.08,63.15
2026-06-09T08:47:49,68.12,6.36,114.36,63.18
2026-06-09T08:47:50,67.95,6.33,114.07,63.14
2026-06-09T08:47:51,67.9,6.31,111.15,63.17
2026-06-09T08:47:52,67.8,6.27,108.37,63.12
2026-06-09T08:47:53,68.0,6.3,109.64,63.14
2026-06-09T08:47:54,67.85,6.26,107.73,63.16
2026-06-09T08:47:55,67.73,6.21,110.01,63.15
2026-06-09T08:47:56,67.76,6.19,111.78,63.18
2026-06-09T08:47:57,67.92,6.23,109.65,63.18
2026-06-09T08:47:58,67.84,6.19,108.82,63.16
2026-06-09T08:47:59,67.85,6.15,107.73,63.15
2026-06-09T08:48:00,67.7,6.11,109.6,63.12
2026-06-09T08:48:01,67.55,6.09,112.58,63.11
2026-06-09T08:48:02,67.49,6.13,115.24,63.08
2026-06-09T08:48:03,67.65,6.11,115.2,63.12
2026-06-09T08:48:04,67.85,6.13,112.37,63.09
2026-06-09T08:48:05,67.66,6.16,112.61,63.1
2026-06-09T08:48:06,67.59,6.13,114.21,63.06
2026-06-09T08:48:07,67.55,6.15,111.68,63.03
2026-06-09T08:48:08,67.65,6.18,109.51,63.0
2026-06-09T08:48:09,67.81,6.16,110.61,63.01
2026-06-09T08:48:10,67.84,6.21,110.53,63.03
2026-06-09T08:48:11,67.68,6.23,109.44,63.01
2026-06-09T08:48:12,67.68,6.23,107.32,63.02
2026-06-09T08:48:13,67.62,6.24,109.22,63.02
2026-06-09T08:48:14,67.76,6.22,107.18,63.02
2026-06-09T08:48:15,67.57,6.21,109.71,63.05
2026-06-09T08:48:16,67.75,6.16,108.83,63.04
2026-06-09T08:48:17,67.73,6.18,106.11,63.09
2026-06-09T08:48:18,67.87,6.13,108.32,63.13
2026-06-09T08:48:19,67.78,6.1,106.83,63.08
2026-06-09T08:48:20,67.58,6.15,108.19,63.12
2026-06-09T08:48:21,67.54,6.1,108.18,63.17
2026-06-09T08:48:22,67.57,6.06,110.54,63.19
2026-06-09T08:48:23,67.74,6.04,111.84,63.2
2026-06-09T08:48:24,67.56,6.03,113.84,63.17
2026-06-09T08:48:25,67.48,6.0,113.53,63.16
2026-06-09T08:48:26,67.32,5.99,111.95,63.14
2026-06-09T08:48:27,67.51,6.03,109.61,63.09
2026-06-09T08:48:28,67.59,5.99,110.0,63.12
2026-06-09T08:48:29,67.59,6.04,109.15,63.08
2026-06-09T08:48:30,67.66,6.01,110.88,63.1
2026-06-09T08:48:31,67.78,5.96,112.87,63.15
2026-06-09T08:48:32,67.76,5.95,113.19,63.19
2026-06-09T08:48:33,67.62,5.93,112.23,63.17
2026-06-09T08:48:34,67.46,5.97,113.18,63.21
2026-06-09T08:48:35,67.44,5.99,114.21,63.18
2026-06-09T08:48:36,67.29,5.96,116.58,63.22
2026-06-09T08:48:37,67.44,5.97,119.33,63.17
2026-06-09T08:48:38,67.52,5.99,121.8,63.14
2026-06-09T08:48:39,67.47,5.95,120.69,63.12
2026-06-09T08:48:40,67.49,5.94,121.22,63.16
2026-06-09T08:48:41,67.4,5.98,121.46,63.18
2026-06-09T08:48:42,67.4,6.03,123.09,63.17
2026-06-09T08:48:43,67.59,6.0,123.98,63.21
2026-06-09T08:48:44,67.68,5.98,121.08,63.22
2026-06-09T08:48:45,67.71,5.99,119.87,63.22
2026-06-09T08:48:46,67.78,5.99,117.58,63.24
2026-06-09T08:48:47,67.87,6.01,117.99,63.23
2026-06-09T08:48:48,67.86,6.04,117.32,63.23
2026-06-09T08:48:49,67.81,6.06,119.6,63.21
2026-06-09T08:48:50,67.78,6.02,117.69,63.17
2026-06-09T08:48:51,67.84,6.01,116.53,63.18
2026-06-09T08:48:52,67.73,5.99,115.34,63.2
2026-06-09T08:48:53,67.77,5.97,115.81,63.25
2026-06-09T08:48:54,67.82,6.02,117.61,63.27
2026-06-09T08:48:55,67.84,6.05,117.37,63.29
2026-06-09T08:48:56,67.99,6.09,120.18,63.27
2026-06-09T08:48:57,67.88,6.09,120.9,63.29
2026-06-09T08:48:58,68.03,6.07,122.76,63.26
2026-06-09T08:48:59,68.01,6.04,120.7,63.27
2026-06-09T08:49:00,68.09,6.09,122.94,63.27
2026-06-09T08:49:01,68.0,6.1,123.43,63.22
2026-06-09T08:49:02,67.97,6.06,120.93,63.21
2026-06-09T08:49:03,67.89,6.02,122.83,63.17
2026-06-09T08:49:04,67.82,6.04,125.06,63.21
2026-06-09T08:49:05,67.62,6.06,124.92,63.19
2026-06-09T08:49:06,67.48,6.06,125.65,63.22
2026-06-09T08:49:07,67.48,6.06,123.52,63.26
2026-06-09T08:49:08,67.35,6.11,120.79,63.22
2026-06-09T08:49:09,67.24,6.1,123.35,63.24
2026-06-09T08:49:10,67.32,6.13,126.05,63.25
2026-06-09T08:49:11,67.33,6.16,126.93,63.23
2026-06-09T08:49:12,67.5,6.13,125.96,63.26
2026-06-09T08:49:13,67.41,6.18,126.14,63.26
2026-06-09T08:49:14,67.32,6.14,127.94,63.27
2026-06-09T08:49:15,67.36,6.14,125.28,63.3
2026-06-09T08:49:16,67.18,6.11,127.66,63.31
2026-06-09T08:49:17,67.18,6.14,126.47,63.33
2026-06-09T08:49:18,67.01,6.17,123.61,63.37
2026-06-09T08:49:19,67.1,6.17,122.94,63.37
2026-06-09T08:49:20,67.27,6.21,120.44,63.4
2026-06-09T08:49:21,67.38,6.25,118.87,63.37
2026-06-09T08:49:22,67.48,6.21,121.29,63.4
2026-06-09T08:49:23,67.48,6.18,123.79,63.36
2026-06-09T08:49:24,67.67,6.15,126.29,63.32
2026-06-09T08:49:25,67.72,6.18,125.1,63.34
2026-06-09T08:49:26,67.59,6.19,125.25,63.36
2026-06-09T08:49:27,67.68,6.2,123.25,63.35
2026-06-09T08:49:28,67.63,6.22,122.1,63.34
2026-06-09T08:49:29,67.66,6.24,124.39,63.33
2026-06-09T08:49:30,67.66,6.29,124.13,63.38
2026-06-09T08:49:31,67.59,6.25,124.59,63.34
2026-06-09T08:49:32,67.55,6.21,127.28,63.35
2026-06-09T08:49:33,67.47,6.21,127.62,63.37
2026-06-09T08:49:34,67.58,6.19,125.33,63.35
2026-06-09T08:49:35,67.74,6.17,127.01,63.33
2026-06-09T08:49:36,67.79,6.15,128.32,63.28
2026-06-09T08:49:37,67.76,6.18,128.91,63.33
2026-06-09T08:49:38,67.79,6.22,130.2,63.3
2026-06-09T08:49:39,67.64,6.22,131.46,63.32
2026-06-09T08:49:40,67.48,6.21,128.55,63.36
2026-06-09T08:49:41,67.34,6.17,128.79,63.33
2026-06-09T08:49:42,67.22,6.15,128.15,63.32
2026-06-09T08:49:43,67.24,6.14,126.23,63.29
2026-06-09T08:49:44,67.16,6.1,126.84,63.3
2026-06-09T08:49:45,67.19,6.09,125.41,63.25
2026-06-09T08:49:46,67.27,6.12,125.74,63.29
2026-06-09T08:49:47,67.2,6.09,127.44,63.29
2026-06-09T08:49:48,67.2,6.05,126.66,63.3
2026-06-09T08:49:49,67.35,6.05,128.49,63.34
2026-06-09T08:49:50,67.55,6.04,129.66,63.37
2026-06-09T08:49:51,67.41,5.99,132.31,63.41
2026-06-09T08:49:52,67.21,6.04,132.67,63.41
2026-06-09T08:49:53,67.31,6.04,134.44,63.38
2026-06-09T08:49:54,67.2,6.07,134.27,63.34
2026-06-09T08:49:55,67.25,6.11,135.61,63.3
2026-06-09T08:49:56,67.38,6.07,132.88,63.25
2026-06-09T08:49:57,67.51,6.1,134.22,63.27
2026-06-09T08:49:58,67.36,6.09,134.08,63.27
2026-06-09T08:49:59,67.33,6.08,133.87,63.28
2026-06-09T08:50:00,67.19,6.12,135.51,63.23
2026-06-09T08:50:01,67.19,6.08,134.05,63.27
2026-06-09T08:50:02,67.31,6.04,133.89,63.31
2026-06-09T08:50:03,67.32,6.09,133.91,63.33
2026-06-09T08:50:04,67.27,6.09,134.91,63.28
2026-06-09T08:50:05,67.31,6.05,136.23,63.26
2026-06-09T08:50:06,67.27,6.06,135.99,63.28
2026-06-09T08:50:07,67.33,6.03,137.84,63.32
2026-06-09T08:50:08,67.29,6.06,136.43,63.32
2026-06-09T08:50:09,67.32,6.07,136.93,63.35
2026-06-09T08:50:10,67.47,6.05,135.23,63.37
2026-06-09T08:50:11,67.28,6.02,137.39,63.37
2026-06-09T08:50:12,67.14,6.02,139.77,63.36
2026-06-09T08:50:13,67.26,6.04,137.65,63.37
2026-06-09T08:50:14,67.18,6.02,135.38,63.42
2026-06-09T08:50:15,67.22,6.04,136.62,63.43
2026-06-09T08:50:16,67.18,6.06,136.09,63.45
2026-06-09T08:50:17,67.06,6.07,135.82,63.41
2026-06-09T08:50:18,67.11,6.06,133.05,63.36
2026-06-09T08:50:19,67.27,6.07,132.08,63.38
2026-06-09T08:50:20,67.27,6.07,134.51,63.39
2026-06-09T08:50:21,67.27,6.09,136.7,63.43
2026-06-09T08:50:22,67.4,6.07,135.64,63.43
2026-06-09T08:50:23,67.55,6.02,133.56,63.46
2026-06-09T08:50:24,67.58,6.0,133.99,63.47
2026-06-09T08:50:25,67.43,6.01,133.92,63.42
2026-06-09T08:50:26,67.28,6.04,132.77,63.45
2026-06-09T08:50:27,67.42,6.08,131.57,63.4
2026-06-09T08:50:28,67.34,6.08,129.65,63.36
2026-06-09T08:50:29,67.14,6.07,130.33,63.39
2026-06-09T08:50:30,67.33,6.02,127.79,63.39
2026-06-09T08:50:31,67.23,6.07,125.59,63.42
2026-06-09T08:50:32,67.29,6.05,127.59,63.46
2026-06-09T08:50:33,67.12,6.08,128.97,63.42
2026-06-09T08:50:34,67.27,6.04,131.13,63.41
2026-06-09T08:50:35,67.33,6.02,131.68,63.38
2026-06-09T08:50:36,67.22,6.04,129.19,63.42
2026-06-09T08:50:37,67.1,6.04,127.71,63.38
2026-06-09T08:50:38,67.25,6.0,128.32,63.42
2026-06-09T08:50:39,67.21,5.99,128.94,63.39
2026-06-09T08:50:40,67.04,6.0,131.07,63.36
2026-06-09T08:50:41,66.91,5.96,128.92,63.37
2026-06-09T08:50:42,66.93,6.01,131.36,63.37
2026-06-09T08:50:43,66.94,6.01,133.4,63.41
2026-06-09T08:50:44,67.12,5.98,134.33,63.43
2026-06-09T08:50:45,67.18,6.0,133.01,63.45
2026-06-09T08:50:46,67.0,5.97,130.73,63.49
2026-06-09T08:50:47,67.03,5.94,129.08,63.5
2026-06-09T08:50:48,67.03,5.95,127.74,63.5
2026-06-09T08:50:49,67.19,5.98,128.63,63.54
2026-06-09T08:50:50,67.18,5.94,127.15,63.49
2026-06-09T08:50:51,67.01,5.93,126.41,63.52
2026-06-09T08:50:52,67.05,5.92,124.28,63.52
2026-06-09T08:50:53,66.9,5.91,126.95,63.53
2026-06-09T08:50:54,66.72,5.87,124.68,63.53
2026-06-09T08:50:55,66.88,5.87,125.9,63.57
2026-06-09T08:50:56,66.81,5.91,127.44,63.62
2026-06-09T08:50:57,66.88,5.87,125.6,63.66
2026-06-09T08:50:58,66.88,5.89,124.56,63.65
2026-06-09T08:50:59,66.97,5.85,126.68,63.69
2026-06-09T08:51:00,67.04,5.89,128.41,63.72
2026-06-09T08:51:01,67.19,5.87,129.04,63.74
2026-06-09T08:51:02,67.07,5.83,128.17,63.69
2026-06-09T08:51:03,67.1,5.87,125.73,63.73
2026-06-09T08:51:04,67.28,5.9,128.52,63.76
2026-06-09T08:51:05,67.4,5.92,126.09,63.77
2026-06-09T08:51:06,67.59,5.92,128.29,63.77
2026-06-09T08:51:07,67.7,5.92,125.9,63.73
2026-06-09T08:51:08,67.77,5.9,127.04,63.72
2026-06-09T08:51:09,67.62,5.94,128.07,63.76
2026-06-09T08:51:10,67.62,5.92,129.38,63.75
2026-06-09T08:51:11,67.82,5.89,131.03,63.8
2026-06-09T08:51:12,67.81,5.9,132.54,63.8
2026-06-09T08:51:13,67.71,5.92,133.96,63.84
2026-06-09T08:51:14,67.61,5.96,135.77,63.87
2026-06-09T08:51:15,67.8,5.96,137.11,63.88
2026-06-09T08:51:16,67.63,5.96,136.35,63.91
2026-06-09T08:51:17,67.44,5.94,134.87,63.91
2026-06-09T08:51:18,67.61,5.98,136.61,63.88
2026-06-09T08:51:19,67.61,5.94,135.26,63.92
2026-06-09T08:51:20,67.53,5.99,133.53,63.91
2026-06-09T08:51:21,67.56,6.0,131.7,63.88
2026-06-09T08:51:22,67.58,5.97,128.89,63.84
2026-06-09T08:51:23,67.5,6.01,127.76,63.81
2026-06-09T08:51:24,67.62,6.0,125.78,63.78
2026-06-09T08:51:25,67.48,5.96,124.53,63.78
2026-06-09T08:51:26,67.38,5.99,127.32,63.79
2026-06-09T08:51:27,67.46,6.02,128.77,63.81
2026-06-09T08:51:28,67.61,6.01,130.13,63.84
2026-06-09T08:51:29,67.66,6.06,132.08,63.86
2026-06-09T08:51:30,67.8,6.07,129.13,63.85
2026-06-09T08:51:31,67.9,6.12,131.21,63.84
2026-06-09T08:51:32,67.77,6.11,131.72,63.8
2026-06-09T08:51:33,67.68,6.15,132.58,63.75
2026-06-09T08:51:34,67.54,6.11,130.5,63.73
2026-06-09T08:51:35,67.42,6.14,132.73,63.75
2026-06-09T08:51:36,67.24,6.1,131.21,63.74
2026-06-09T08:51:37,67.31,6.12,133.28,63.77
2026-06-09T08:51:38,67.44,6.11,134.86,63.79
2026-06-09T08:51:39,67.29,6.08,133.74,63.77
2026-06-09T08:51:40,67.22,6.07,136.11,63.74
2026-06-09T08:51:41,67.32,6.11,134.12,63.72
2026-06-09T08:51:42,67.29,6.07,131.79,63.69
2026-06-09T08:51:43,67.14,6.06,130.19,63.7
2026-06-09T08:51:44,67.09,6.04,131.04,63.73
2026-06-09T08:51:45,67.0,6.03,128.78,63.76
2026-06-09T08:51:46,67.11,6.02,126.7,63.71
2026-06-09T08:51:47,67.21,6.01,128.93,63.7
2026-06-09T08:51:48,67.38,5.98,126.29,63.66
2026-06-09T08:51:49,67.3,5.99,128.26,63.71
2026-06-09T08:51:50,67.46,5.95,128.38,63.67
2026-06-09T08:51:51,67.28,5.99,125.64,63.69
2026-06-09T08:51:52,67.42,5.96,125.6,63.74
2026-06-09T08:51:53,67.28,5.92,127.29,63.71
2026-06-09T08:51:54,67.23,5.93,127.16,63.71
2026-06-09T08:51:55,67.43,5.97,126.83,63.73
2026-06-09T08:51:56,67.35,5.99,129.07,63.68
2026-06-09T08:51:57,67.54,5.96,129.17,63.68
2026-06-09T08:51:58,67.44,5.94,130.06,63.64
2026-06-09T08:51:59,67.6,5.97,129.97,63.61
2026-06-09T08:52:00,67.67,5.94,127.35,63.56
2026-06-09T08:52:01,67.55,5.99,130.04,63.58
2026-06-09T08:52:02,67.7,6.02,128.9,63.55
2026-06-09T08:52:03,67.82,5.99,126.72,63.55
2026-06-09T08:52:04,67.63,6.0,128.12,63.55
2026-06-09T08:52:05,67.8,5.96,129.23,63.59
2026-06-09T08:52:06,67.82,5.92,129.11,63.63
2026-06-09T08:52:07,67.76,5.96,127.48,63.61
2026-06-09T08:52:08,67.88,5.91,127.45,63.64
2026-06-09T08:52:09,67.77,5.92,127.33,63.63
2026-06-09T08:52:10,67.73,5.92,128.24,63.64
2026-06-09T08:52:11,67.91,5.87,128.5,63.66
2026-06-09T08:52:12,68.07,5.91,126.12,63.68
2026-06-09T08:52:13,68.13,5.87,127.82,63.66
2026-06-09T08:52:14,68.3,5.82,126.26,63.69
2026-06-09T08:52:15,68.41,5.81,123.78,63.71
2026-06-09T08:52:16,68.41,5.8,126.61,63.7
2026-06-09T08:52:17,68.52,5.8,124.9,63.66
2026-06-09T08:52:18,68.57,5.8,127.37,63.68
2026-06-09T08:52:19,68.4,5.75,126.47,63.69
2026-06-09T08:52:20,68.42,5.77,128.61,63.66
2026-06-09T08:52:21,68.51,5.78,130.31,63.69
2026-06-09T08:52:22,68.34,5.74,132.22,63.69
2026-06-09T08:52:23,68.45,5.7,133.98,63.66
2026-06-09T08:52:24,68.57,5.66,135.4,63.63
2026-06-09T08:52:25,68.71,5.62,134.04,63.67
2026-06-09T08:52:26,68.64,5.6,135.45,63.67
2026-06-09T08:52:27,68.72,5.61,134.73,63.7
2026-06-09T08:52:28,68.66,5.62,136.2,63.66
2026-06-09T08:52:29,68.59,5.64,135.3,63.71
2026-06-09T08:52:30,68.73,5.61,137.35,63.74
2026-06-09T08:52:31,68.75,5.62,136.1,63.73
2026-06-09T08:52:32,68.81,5.62,136.08,63.72
2026-06-09T08:52:33,69.0,5.63,135.75,63.68
2026-06-09T08:52:34,69.19,5.6,135.25,63.72
2026-06-09T08:52:35,69.13,5.64,133.38,63.76
2026-06-09T08:52:36,69.28,5.65,130.44,63.8
2026-06-09T08:52:37,69.21,5.66,132.66,63.76
2026-06-09T08:52:38,69.33,5.64,132.58,63.75
2026-06-09T08:52:39,69.14,5.68,130.8,63.78
2026-06-09T08:52:40,69.13,5.65,133.42,63.78
2026-06-09T08:52:41,69.17,5.61,134.4,63.75
2026-06-09T08:52:42,69.14,5.58,137.35,63.71
2026-06-09T08:52:43,69.23,5.6,139.39,63.7
2026-06-09T08:52:44,69.33,5.58,137.4,63.7
2026-06-09T08:52:45,69.46,5.62,136.94,63.66
2026-06-09T08:52:46,69.37,5.61,135.45,63.69
2026-06-09T08:52:47,69.36,5.64,132.53,63.65
2026-06-09T08:52:48,69.39,5.67,133.11,63.62
2026-06-09T08:52:49,69.57,5.7,132.47,63.66
2026-06-09T08:52:50,69.53,5.68,131.39,63.67
2026-06-09T08:52:51,69.73,5.64,132.69,63.64
2026-06-09T08:52:52,69.69,5.67,132.26,63.68
2026-06-09T08:52:53,69.54,5.7,133.34,63.65
2026-06-09T08:52:54,69.68,5.74,134.48,63.63
2026-06-09T08:52:55,69.7,5.73,135.38,63.66
2026-06-09T08:52:56,69.69,5.71,133.64,63.63
2026-06-09T08:52:57,69.74,5.7,134.87,63.65
2026-06-09T08:52:58,69.68,5.75,133.15,63.64
2026-06-09T08:52:59,69.84,5.79,131.16,63.68
2026-06-09T08:53:00,69.7,5.77,128.86,63.71
2026-06-09T08:53:01,69.6,5.78,129.43,63.67
2026-06-09T08:53:02,69.46,5.75,128.88,63.72
2026-06-09T08:53:03,69.57,5.71,129.85,63.75
2026-06-09T08:53:04,69.59,5.71,131.12,63.76
2026-06-09T08:53:05,69.58,5.67,133.22,63.75
2026-06-09T08:53:06,69.39,5.63,132.44,63.73
2026-06-09T08:53:07,69.49,5.6,131.09,63.71
2026-06-09T08:53:08,69.51,5.57,132.03,63.68
2026-06-09T08:53:09,69.38,5.52,130.01,63.65
2026-06-09T08:53:10,69.53,5.51,129.68,63.62
2026-06-09T08:53:11,69.42,5.54,131.17,63.64
2026-06-09T08:53:12,69.54,5.55,130.52,63.65
2026-06-09T08:53:13,69.73,5.55,131.13,63.62
2026-06-09T08:53:14,69.8,5.55,128.55,63.64
2026-06-09T08:53:15,69.81,5.52,129.51,63.59
2026-06-09T08:53:16,69.72,5.52,130.01,63.55
2026-06-09T08:53:17,69.72,5.51,129.05,63.57
2026-06-09T08:53:18,69.55,5.53,128.9,63.61
2026-06-09T08:53:19,69.38,5.52,126.32,63.63
2026-06-09T08:53:20,69.44,5.52,123.7,63.59
2026-06-09T08:53:21,69.59,5.52,125.88,63.6
2026-06-09T08:53:22,69.57,5.54,127.59,63.6
2026-06-09T08:53:23,69.47,5.5,126.88,63.58
2026-06-09T08:53:24,69.44,5.51,124.16,63.6
2026-06-09T08:53:25,69.59,5.49,125.4,63.56
2026-06-09T08:53:26,69.63,5.48,126.3,63.55
2026-06-09T08:53:27,69.53,5.51,124.39,63.56
2026-06-09T08:53:28,69.34,5.48,126.95,63.52
2026-06-09T08:53:29,69.36,5.5,129.79,63.49
2026-06-09T08:53:30,69.2,5.51,132.3,63.5
2026-06-09T08:53:31,69.23,5.5,129.87,63.54
2026-06-09T08:53:32,69.16,5.49,127.07,63.58
2026-06-09T08:53:33,69.22,5.46,125.35,63.55
2026-06-09T08:53:34,69.39,5.45,126.8,63.51
2026-06-09T08:53:35,69.59,5.41,126.71,63.47
2026-06-09T08:53:36,69.47,5.45,127.11,63.49
2026-06-09T08:53:37,69.59,5.44,129.27,63.46
2026-06-09T08:53:38,69.68,5.48,127.68,63.48
2026-06-09T08:53:39,69.63,5.44,127.88,63.48
2026-06-09T08:53:40,69.75,5.45,130.4,63.46
2026-06-09T08:53:41,69.74,5.47,129.81,63.43
2026-06-09T08:53:42,69.59,5.45,130.23,63.44
2026-06-09T08:53:43,69.77,5.43,132.49,63.43
2026-06-09T08:53:44,69.62,5.47,134.31,63.45
2026-06-09T08:53:45,69.71,5.43,132.79,63.42
2026-06-09T08:53:46,69.74,5.46,130.98,63.38
2026-06-09T08:53:47,69.8,5.5,128.35,63.39
2026-06-09T08:53:48,69.81,5.53,130.99,63.36
2026-06-09T08:53:49,69.65,5.57,131.69,63.31
2026-06-09T08:53:50,69.51,5.6,129.25,63.32
2026-06-09T08:53:51,69.47,5.61,127.08,63.35
2026-06-09T08:53:52,69.52,5.65,124.54,63.36
2026-06-09T08:53:53,69.68,5.62,123.65,63.36
2026-06-09T08:53:54,69.88,5.59,121.51,63.36
2026-06-09T08:53:55,69.85,5.55,124.45,63.4
2026-06-09T08:53:56,69.94,5.56,122.84,63.36
2026-06-09T08:53:57,69.93,5.54,121.4,63.38
2026-06-09T08:53:58,69.86,5.52,123.06,63.37
2026-06-09T08:53:59,69.8,5.57,121.34,63.33
2026-06-09T08:54:00,69.69,5.54,121.79,63.38
2026-06-09T08:54:01,69.73,5.56,122.03,63.41
2026-06-09T08:54:02,69.73,5.6,123.78,63.37
2026-06-09T08:54:03,69.74,5.64,124.21,63.34
2026-06-09T08:54:04,69.54,5.63,123.67,63.34
2026-06-09T08:54:05,69.71,5.64,125.96,63.32
2026-06-09T08:54:06,69.76,5.64,125.77,63.3
2026-06-09T08:54:07,69.93,5.65,128.45,63.27
2026-06-09T08:54:08,70.08,5.7,129.91,63.29
2026-06-09T08:54:09,70.06,5.75,127.64,63.28
2026-06-09T08:54:10,70.05,5.73,125.37,63.32
2026-06-09T08:54:11,70.15,5.77,127.01,63.29
2026-06-09T08:54:12,70.16,5.76,126.9,63.24
2026-06-09T08:54:13,70.03,5.73,129.16,63.26
2026-06-09T08:54:14,70.03,5.7,132.09,63.29
2026-06-09T08:54:15,70.18,5.73,129.95,63.26
2026-06-09T08:54:16,70.15,5.73,127.93,63.25
2026-06-09T08:54:17,70.08,5.72,129.36,63.21
2026-06-09T08:54:18,70.26,5.7,129.2,63.25
2026-06-09T08:54:19,70.09,5.66,129.14,63.29
2026-06-09T08:54:20,70.23,5.7,131.09,63.33
2026-06-09T08:54:21,70.18,5.71,130.53,63.32
2026-06-09T08:54:22,70.38,5.71,130.24,63.33
2026-06-09T08:54:23,70.52,5.68,130.46,63.37
2026-06-09T08:54:24,70.56,5.72,132.14,63.37
2026-06-09T08:54:25,70.67,5.73,132.13,63.37
2026-06-09T08:54:26,70.77,5.75,131.29,63.36
2026-06-09T08:54:27,70.65,5.74,131.34,63.39
2026-06-09T08:54:28,70.68,5.78,129.39,63.42
2026-06-09T08:54:29,70.73,5.76,130.9,63.43
2026-06-09T08:54:30,70.57,5.77,129.99,63.42
2026-06-09T08:54:31,70.42,5.8,127.32,63.38
2026-06-09T08:54:32,70.52,5.79,124.45,63.39
2026-06-09T08:54:33,70.64,5.8,121.58,63.44
2026-06-09T08:54:34,70.49,5.79,123.81,63.42
2026-06-09T08:54:35,70.36,5.82,123.93,63.41
2026-06-09T08:54:36,70.49,5.8,121.13,63.42
2026-06-09T08:54:37,70.37,5.84,118.67,63.38
2026-06-09T08:54:38,70.54,5.84,116.02,63.36
2026-06-09T08:54:39,70.57,5.83,114.1,63.34
2026-06-09T08:54:40,70.5,5.78,115.13,63.32
2026-06-09T08:54:41,70.68,5.83,113.62,63.36
2026-06-09T08:54:42,70.67,5.79,113.17,63.32
2026-06-09T08:54:43,70.63,5.78,111.52,63.33
2026-06-09T08:54:44,70.57,5.78,113.8,63.38
2026-06-09T08:54:45,70.59,5.83,111.48,63.33
2026-06-09T08:54:46,70.42,5.82,110.77,63.34
2026-06-09T08:54:47,70.53,5.85,113.07,63.35
2026-06-09T08:54:48,70.45,5.83,114.91,63.38
2026-06-09T08:54:49,70.44,5.82,114.09,63.36
2026-06-09T08:54:50,70.51,5.82,114.07,63.36
2026-06-09T08:54:51,70.46,5.86,112.85,63.41
2026-06-09T08:54:52,70.61,5.86,114.19,63.45
2026-06-09T08:54:53,70.81,5.85,112.01,63.43
2026-06-09T08:54:54,70.94,5.85,113.18,63.42
2026-06-09T08:54:55,70.92,5.9,114.17,63.4
2026-06-09T08:54:56,70.91,5.94,112.28,63.43
2026-06-09T08:54:57,70.76,5.92,113.56,63.41
2026-06-09T08:54:58,70.58,5.88,115.36,63.44
2026-06-09T08:54:59,70.56,5.88,114.3,63.49
2026-06-09T08:55:00,70.6,5.9,112.42,63.54
2026-06-09T08:55:01,70.79,5.89,111.29,63.54
2026-06-09T08:55:02,70.66,5.85,110.62,63.55
2026-06-09T08:55:03,70.47,5.83,107.76,63.51
2026-06-09T08:55:04,70.49,5.81,107.43,63.5
2026-06-09T08:55:05,70.51,5.78,107.3,63.47
2026-06-09T08:55:06,70.58,5.82,108.62,63.43
2026-06-09T08:55:07,70.57,5.86,110.88,63.47
2026-06-09T08:55:08,70.5,5.86,109.43,63.52
2026-06-09T08:55:09,70.43,5.82,107.77,63.49
2026-06-09T08:55:10,70.39,5.8,106.47,63.45
2026-06-09T08:55:11,70.39,5.75,109.13,63.46
2026-06-09T08:55:12,70.42,5.77,108.96,63.43
2026-06-09T08:55:13,70.34,5.79,106.95,63.42
2026-06-09T08:55:14,70.44,5.78,106.81,63.45
2026-06-09T08:55:15,70.6,5.75,108.95,63.48
2026-06-09T08:55:16,70.5,5.72,106.93,63.49
2026-06-09T08:55:17,70.36,5.76,109.69,63.47
2026-06-09T08:55:18,70.49,5.73,111.83,63.42
2026-06-09T08:55:19,70.41,5.77,112.3,63.44
2026-06-09T08:55:20,70.59,5.81,114.04,63.48
2026-06-09T08:55:21,70.51,5.77,112.36,63.45
2026-06-09T08:55:22,70.54,5.76,113.42,63.43
2026-06-09T08:55:23,70.57,5.73,111.21,63.43
2026-06-09T08:55:24,70.54,5.73,112.52,63.47
2026-06-09T08:55:25,70.55,5.69,112.83,63.43
2026-06-09T08:55:26,70.52,5.66,112.35,63.47
2026-06-09T08:55:27,70.71,5.62,115.04,63.44
2026-06-09T08:55:28,70.74,5.6,114.09,63.48
2026-06-09T08:55:29,70.55,5.58,115.6,63.53
2026-06-09T08:55:30,70.63,5.63,118.17,63.53
2026-06-09T08:55:31,70.74,5.66,119.85,63.52
2026-06-09T08:55:32,70.8,5.67,119.78,63.49
2026-06-09T08:55:33,70.81,5.64,118.22,63.53
2026-06-09T08:55:34,70.98,5.65,117.27,63.52
2026-06-09T08:55:35,70.94,5.68,117.56,63.54
2026-06-09T08:55:36,71.08,5.66,115.88,63.56
2026-06-09T08:55:37,71.18,5.66,114.7,63.53
2026-06-09T08:55:38,71.33,5.67,111.77,63.57
2026-06-09T08:55:39,71.33,5.63,109.96,63.59
2026-06-09T08:55:40,71.52,5.59,111.97,63.55
2026-06-09T08:55:41,71.5,5.61,113.86,63.57
2026-06-09T08:55:42,71.32,5.59,112.84,63.6
2026-06-09T08:55:43,71.29,5.62,110.59,63.62
2026-06-09T08:55:44,71.13,5.6,108.28,63.66
2026-06-09T08:55:45,71.29,5.6,106.58,63.68
2026-06-09T08:55:46,71.1,5.64,106.56,63.63
2026-06-09T08:55:47,71.22,5.63,104.84,63.6
2026-06-09T08:55:48,71.34,5.62,107.21,63.64
2026-06-09T08:55:49,71.53,5.62,107.13,63.62
2026-06-09T08:55:50,71.44,5.64,110.1,63.63
2026-06-09T08:55:51,71.6,5.67,112.66,63.59
2026-06-09T08:55:52,71.51,5.7,112.89,63.61
2026-06-09T08:55:53,71.35,5.68,114.81,63.61
2026-06-09T08:55:54,71.26,5.71,115.53,63.66
2026-06-09T08:55:55,71.4,5.71,118.34,63.68
2026-06-09T08:55:56,71.28,5.66,119.02,63.64
2026-06-09T08:55:57,71.21,5.67,117.05,63.65
2026-06-09T08:55:58,71.04,5.69,116.3,63.66
2026-06-09T08:55:59,70.93,5.7,114.19,63.62
2026-06-09T08:56:00,71.04,5.72,113.15,63.58
2026-06-09T08:56:01,70.94,5.7,114.65,63.55
2026-06-09T08:56:02,71.14,5.72,117.59,63.58
2026-06-09T08:56:03,70.96,5.69,119.85,63.61
2026-06-09T08:56:04,70.77,5.67,118.55,63.63
2026-06-09T08:56:05,70.72,5.66,118.81,63.66
2026-06-09T08:56:06,70.71,5.66,121.45,63.63
2026-06-09T08:56:07,70.72,5.63,124.31,63.65
2026-06-09T08:56:08,70.57,5.65,121.48,63.6
2026-06-09T08:56:09,70.7,5.6,122.26,63.61
2026-06-09T08:56:10,70.62,5.61,123.49,63.62
2026-06-09T08:56:11,70.62,5.58,123.93,63.66
2026-06-09T08:56:12,70.79,5.54,123.5,63.69
2026-06-09T08:56:13,70.83,5.59,122.57,63.68
2026-06-09T08:56:14,70.93,5.64,124.94,63.67
2026-06-09T08:56:15,70.96,5.61,122.44,63.63
2026-06-09T08:56:16,71.03,5.64,122.17,63.62
2026-06-09T08:56:17,71.13,5.61,124.41,63.59
2026-06-09T08:56:18,71.29,5.57,121.47,63.6
2026-06-09T08:56:19,71.46,5.52,123.03,63.61
2026-06-09T08:56:20,71.54,5.53,124.79,63.56
2026-06-09T08:56:21,71.63,5.55,122.85,63.57
2026-06-09T08:56:22,71.61,5.53,123.99,63.58
2026-06-09T08:56:23,71.41,5.55,122.39,63.63
2026-06-09T08:56:24,71.33,5.52,120.03,63.67
2026-06-09T08:56:25,71.16,5.54,117.24,63.66
2026-06-09T08:56:26,71.13,5.5,118.79,63.68
2026-06-09T08:56:27,71.32,5.49,120.11,63.71
2026-06-09T08:56:28,71.35,5.48,119.67,63.75
2026-06-09T08:56:29,71.17,5.52,120.86,63.73
2026-06-09T08:56:30,71.02,5.53,118.26,63.73
2026-06-09T08:56:31,71.1,5.49,120.72,63.71
2026-06-09T08:56:32,71.28,5.48,120.22,63.69
2026-06-09T08:56:33,71.46,5.47,121.43,63.73
2026-06-09T08:56:34,71.65,5.47,124.18,63.73
2026-06-09T08:56:35,71.81,5.48,126.43,63.77
2026-06-09T08:56:36,71.89,5.51,125.57,63.81
2026-06-09T08:56:37,71.95,5.52,126.24,63.76
2026-06-09T08:56:38,72.06,5.53,126.1,63.73
2026-06-09T08:56:39,71.97,5.57,124.95,63.69
2026-06-09T08:56:40,71.86,5.57,127.24,63.64
2026-06-09T08:56:41,71.71,5.59,127.7,63.63
2026-06-09T08:56:42,71.79,5.59,128.43,63.68
2026-06-09T08:56:43,71.73,5.54,128.78,63.71
2026-06-09T08:56:44,71.54,5.5,129.78,63.71
2026-06-09T08:56:45,71.62,5.47,127.84,63.72
2026-06-09T08:56:46,71.81,5.48,129.35,63.76
2026-06-09T08:56:47,71.93,5.44,126.88,63.75
2026-06-09T08:56:48,72.04,5.39,125.74,63.8
2026-06-09T08:56:49,72.07,5.4,123.88,63.78
2026-06-09T08:56:50,71.91,5.4,125.08,63.75
2026-06-09T08:56:51,71.73,5.36,125.91,63.77
2026-06-09T08:56:52,71.53,5.41,128.14,63.79
2026-06-09T08:56:53,71.5,5.42,129.94,63.78
2026-06-09T08:56:54,71.63,5.42,132.12,63.83
2026-06-09T08:56:55,71.7,5.43,130.15,63.8
2026-06-09T08:56:56,71.62,5.48,132.23,63.78
2026-06-09T08:56:57,71.6,5.5,134.72,63.76
2026-06-09T08:56:58,71.52,5.52,134.97,63.76
2026-06-09T08:56:59,71.43,5.48,132.98,63.74
2026-06-09T08:57:00,71.4,5.45,130.13,63.78
2026-06-09T08:57:01,71.55,5.41,132.41,63.81
2026-06-09T08:57:02,71.37,5.4,133.01,63.81
2026-06-09T08:57:03,71.28,5.39,135.12,63.8
2026-06-09T08:57:04,71.21,5.37,136.2,63.79
2026-06-09T08:57:05,71.12,5.4,133.4,63.78
2026-06-09T08:57:06,71.12,5.44,131.6,63.74
2026-06-09T08:57:07,71.0,5.47,130.4,63.73
2026-06-09T08:57:08,71.09,5.47,128.43,63.74
2026-06-09T08:57:09,71.18,5.44,127.88,63.73
2026-06-09T08:57:10,71.32,5.49,125.31,63.68
2026-06-09T08:57:11,71.28,5.51,127.54,63.72
2026-06-09T08:57:12,71.24,5.47,129.27,63.76
2026-06-09T08:57:13,71.15,5.44,126.91,63.72
2026-06-09T08:57:14,71.17,5.45,126.67,63.75
2026-06-09T08:57:15,71.25,5.46,129.66,63.79
2026-06-09T08:57:16,71.37,5.51,127.63,63.83
2026-06-09T08:57:17,71.2,5.47,125.1,63.82
2026-06-09T08:57:18,71.15,5.49,125.59,63.83
2026-06-09T08:57:19,71.07,5.45,123.29,63.86
2026-06-09T08:57:20,70.9,5.43,120.69,63.83
2026-06-09T08:57:21,70.88,5.43,121.14,63.87
2026-06-09T08:57:22,70.73,5.44,120.56,63.91
2026-06-09T08:57:23,70.84,5.4,119.43,63.86
2026-06-09T08:57:24,70.77,5.42,116.71,63.82
2026-06-09T08:57:25,70.73,5.45,119.44,63.81
2026-06-09T08:57:26,70.67,5.45,117.32,63.84
2026-06-09T08:57:27,70.8,5.45,115.11,63.86
2026-06-09T08:57:28,70.63,5.46,115.46,63.91
2026-06-09T08:57:29,70.49,5.46,113.7,63.86
2026-06-09T08:57:30,70.4,5.5,112.66,63.83
2026-06-09T08:57:31,70.44,5.46,111.87,63.79
2026-06-09T08:57:32,70.33,5.41,110.32,63.78
2026-06-09T08:57:33,70.24,5.39,112.37,63.78
2026-06-09T08:57:34,70.4,5.4,112.76,63.75
2026-06-09T08:57:35,70.39,5.38,113.03,63.79
2026-06-09T08:57:36,70.25,5.41,112.76,63.82
2026-06-09T08:57:37,70.38,5.36,112.31,63.79
2026-06-09T08:57:38,70.31,5.34,110.51,63.77
2026-06-09T08:57:39,70.23,5.33,111.33,63.75
2026-06-09T08:57:40,70.17,5.34,111.51,63.77
2026-06-09T08:57:41,70.23,5.32,111.1,63.75
2026-06-09T08:57:42,70.23,5.29,114.09,63.79
2026-06-09T08:57:43,70.14,5.25,114.94,63.84
2026-06-09T08:57:44,70.12,5.26,113.87,63.88
2026-06-09T08:57:45,70.14,5.23,113.77,63.86
2026-06-09T08:57:46,70.17,5.25,111.28,63.82
2026-06-09T08:57:47,70.2,5.23,111.19,63.85
2026-06-09T08:57:48,70.38,5.27,109.86,63.87
2026-06-09T08:57:49,70.48,5.26,109.18,63.84
2026-06-09T08:57:50,70.5,5.31,110.31,63.86
2026-06-09T08:57:51,70.48,5.28,108.05,63.87
2026-06-09T08:57:52,70.41,5.33,108.36,63.9
2026-06-09T08:57:53,70.49,5.32,108.64,63.87
2026-06-09T08:57:54,70.68,5.28,109.7,63.88
2026-06-09T08:57:55,70.6,5.29,107.16,63.92
2026-06-09T08:57:56,70.43,5.31,106.44,63.89
2026-06-09T08:57:57,70.33,5.36,109.35,63.87
2026-06-09T08:57:58,70.29,5.39,107.5,63.86
2026-06-09T08:57:59,70.3,5.42,108.88,63.86
2026-06-09T08:58:00,70.2,5.37,106.76,63.9
2026-06-09T08:58:01,70.38,5.38,108.86,63.87
2026-06-09T08:58:02,70.39,5.43,108.02,63.91
2026-06-09T08:58:03,70.22,5.38,106.21,63.87
2026-06-09T08:58:04,70.07,5.43,104.68,63.91
2026-06-09T08:58:05,70.03,5.38,102.07,63.94
2026-06-09T08:58:06,70.03,5.42,100.98,63.94
2026-06-09T08:58:07,70.22,5.43,100.68,63.91
2026-06-09T08:58:08,70.37,5.39,98.15,63.88
2026-06-09T08:58:09,70.5,5.4,95.81,63.91
2026-06-09T08:58:10,70.31,5.36,98.33,63.94
2026-06-09T08:58:11,70.32,5.35,97.13,63.95
2026-06-09T08:58:12,70.14,5.36,96.94,63.91
2026-06-09T08:58:13,69.97,5.36,94.55,63.9
2026-06-09T08:58:14,69.96,5.35,95.73,63.92
2026-06-09T08:58:15,70.06,5.34,93.49,63.95
2026-06-09T08:58:16,70.11,5.32,93.12,63.97
2026-06-09T08:58:17,69.91,5.31,90.93,63.99
2026-06-09T08:58:18,70.03,5.27,88.4,64.03
2026-06-09T08:58:19,69.9,5.23,91.38,64.07
2026-06-09T08:58:20,70.02,5.23,88.82,64.07
2026-06-09T08:58:21,70.04,5.21,90.3,64.1
2026-06-09T08:58:22,69.95,5.22,93.07,64.09
2026-06-09T08:58:23,69.92,5.2,92.17,64.1
2026-06-09T08:58:24,69.95,5.18,92.69,64.15
2026-06-09T08:58:25,69.78,5.18,93.59,64.16
2026-06-09T08:58:26,69.94,5.2,92.32,64.18
2026-06-09T08:58:27,69.95,5.22,92.51,64.16
2026-06-09T08:58:28,70.13,5.25,92.94,64.11
2026-06-09T08:58:29,70.27,5.27,91.31,64.08
2026-06-09T08:58:30,70.1,5.27,91.69,64.11
2026-06-09T08:58:31,69.93,5.3,92.23,64.09
2026-06-09T08:58:32,69.92,5.28,91.99,64.1
2026-06-09T08:58:33,70.1,5.23,93.22,64.09
2026-06-09T08:58:34,70.26,5.22,95.04,64.09
2026-06-09T08:58:35,70.15,5.21,93.65,64.04
2026-06-09T08:58:36,70.25,5.23,95.28,64.08
2026-06-09T08:58:37,70.07,5.25,98.16,64.06
2026-06-09T08:58:38,70.18,5.2,95.33,64.03
2026-06-09T08:58:39,70.06,5.23,96.76,64.07
2026-06-09T08:58:40,70.11,5.24,97.2,64.02
2026-06-09T08:58:41,70.2,5.27,99.38,63.99
2026-06-09T08:58:42,70.06,5.23,97.13,63.95
2026-06-09T08:58:43,69.9,5.25,97.75,63.95
2026-06-09T08:58:44,69.75,5.24,96.7,63.99
2026-06-09T08:58:45,69.81,5.26,96.66,64.0
2026-06-09T08:58:46,69.7,5.3,96.18,64.05
2026-06-09T08:58:47,69.65,5.27,97.09,64.05
2026-06-09T08:58:48,69.55,5.27,99.28,64.02
2026-06-09T08:58:49,69.7,5.28,98.59,64.02
2026-06-09T08:58:50,69.7,5.25,101.18,64.06
2026-06-09T08:58:51,69.6,5.2,102.26,64.08
2026-06-09T08:58:52,69.62,5.21,100.74,64.09
2026-06-09T08:58:53,69.53,5.26,101.95,64.1
2026-06-09T08:58:54,69.36,5.25,104.44,64.07
2026-06-09T08:58:55,69.5,5.21,103.8,64.11
2026-06-09T08:58:56,69.43,5.19,105.51,64.15
2026-06-09T08:58:57,69.45,5.22,102.92,64.12
2026-06-09T08:58:58,69.51,5.21,102.41,64.09
2026-06-09T08:58:59,69.54,5.21,99.85,64.08
2026-06-09T08:59:00,69.48,5.2,99.51,64.07
2026-06-09T08:59:01,69.66,5.2,101.73,64.07
2026-06-09T08:59:02,69.53,5.18,100.48,64.02
2026-06-09T08:59:03,69.54,5.15,99.83,64.0
2026-06-09T08:59:04,69.43,5.2,100.93,64.01
2026-06-09T08:59:05,69.42,5.22,101.22,64.05
2026-06-09T08:59:06,69.46,5.21,103.6,64.01
2026-06-09T08:59:07,69.28,5.18,102.85,64.03
2026-06-09T08:59:08,69.38,5.15,105.39,64.04
2026-06-09T08:59:09,69.53,5.16,105.77,64.05
2026-06-09T08:59:10,69.33,5.17,108.71,64.1
2026-06-09T08:59:11,69.23,5.17,110.98,64.09
2026-06-09T08:59:12,69.35,5.14,112.74,64.1
2026-06-09T08:59:13,69.48,5.18,110.48,64.08
2026-06-09T08:59:14,69.66,5.17,109.77,64.12
2026-06-09T08:59:15,69.56,5.16,110.41,64.1
2026-06-09T08:59:16,69.39,5.15,112.59,64.13
2026-06-09T08:59:17,69.48,5.19,109.98,64.09
2026-06-09T08:59:18,69.66,5.19,108.8,64.08
2026-06-09T08:59:19,69.53,5.16,110.89,64.03
2026-06-09T08:59:20,69.72,5.18,112.48,63.99
2026-06-09T08:59:21,69.73,5.14,110.31,63.98
2026-06-09T08:59:22,69.59,5.18,110.11,63.98
2026-06-09T08:59:23,69.61,5.14,109.24,63.94
2026-06-09T08:59:24,69.69,5.12,112.16,63.93
2026-06-09T08:59:25,69.8,5.09,109.65,63.98
2026-06-09T08:59:26,69.66,5.11,111.72,63.99
2026-06-09T08:59:27,69.82,5.14,112.0,63.99
2026-06-09T08:59:28,69.76,5.14,111.0,64.02
2026-06-09T08:59:29,69.58,5.13,112.84,64.0
2026-06-09T08:59:30,69.44,5.16,114.29,64.0
2026-06-09T08:59:31,69.32,5.15,114.95,63.95
2026-06-09T08:59:32,69.37,5.13,112.72,63.92
2026-06-09T08:59:33,69.32,5.12,115.46,63.97
2026-06-09T08:59:34,69.24,5.09,115.7,63.92
2026-06-09T08:59:35,69.16,5.09,118.36,63.93
2026-06-09T08:59:36,69.22,5.09,116.79,63.96
2026-06-09T08:59:37,69.02,5.08,117.52,64.0
2026-06-09T08:59:38,68.87,5.06,119.74,63.96
2026-06-09T08:59:39,68.99,5.08,117.23,63.96
2026-06-09T08:59:40,69.0,5.09,116.02,63.97
2026-06-09T08:59:41,69.1,5.04,115.69,64.0
2026-06-09T08:59:42,68.95,5.09,117.48,64.0
2026-06-09T08:59:43,69.06,5.11,117.71,64.02
2026-06-09T08:59:44,69.09,5.11,119.32,64.05
2026-06-09T08:59:45,69.08,5.1,117.24,64.05
2026-06-09T08:59:46,68.96,5.12,115.12,64.04
2026-06-09T08:59:47,68.77,5.11,113.7,64.01
2026-06-09T08:59:48,68.68,5.12,110.82,64.03
2026-06-09T08:59:49,68.67,5.14,111.59,64.06
2026-06-09T08:59:50,68.65,5.15,109.63,64.08
2026-06-09T08:59:51,68.74,5.12,111.65,64.12
2026-06-09T08:59:52,68.89,5.11,111.15,64.1
2026-06-09T08:59:53,68.88,5.11,111.27,64.1
2026-06-09T08:59:54,68.7,5.1,109.69,64.13
2026-06-09T08:59:55,68.54,5.08,108.86,64.17
2026-06-09T08:59:56,68.7,5.05,108.68,64.19
2026-06-09T08:59:57,68.64,5.01,110.32,64.15
2026-06-09T08:59:58,68.57,4.98,110.01,64.16
2026-06-09T08:59:59,68.47,4.99,110.19,64.13
